-- MySQL dump 10.16  Distrib 10.2.31-MariaDB, for Linux (x86_64)
--
-- Host: localhost    Database: after_aftaa
-- ------------------------------------------------------
-- Server version	10.2.31-MariaDB-cll-lve

/*!40101 SET @OLD_CHARACTER_SET_CLIENT=@@CHARACTER_SET_CLIENT */;
/*!40101 SET @OLD_CHARACTER_SET_RESULTS=@@CHARACTER_SET_RESULTS */;
/*!40101 SET @OLD_COLLATION_CONNECTION=@@COLLATION_CONNECTION */;
/*!40101 SET NAMES utf8 */;
/*!40103 SET @OLD_TIME_ZONE=@@TIME_ZONE */;
/*!40103 SET TIME_ZONE='+00:00' */;
/*!40014 SET @OLD_UNIQUE_CHECKS=@@UNIQUE_CHECKS, UNIQUE_CHECKS=0 */;
/*!40014 SET @OLD_FOREIGN_KEY_CHECKS=@@FOREIGN_KEY_CHECKS, FOREIGN_KEY_CHECKS=0 */;
/*!40101 SET @OLD_SQL_MODE=@@SQL_MODE, SQL_MODE='NO_AUTO_VALUE_ON_ZERO' */;
/*!40111 SET @OLD_SQL_NOTES=@@SQL_NOTES, SQL_NOTES=0 */;

--
-- Table structure for table `bank_card`
--

DROP TABLE IF EXISTS `bank_card`;
/*!40101 SET @saved_cs_client     = @@character_set_client */;
/*!40101 SET character_set_client = utf8 */;
CREATE TABLE `bank_card` (
  `id` tinyint(4) NOT NULL AUTO_INCREMENT COMMENT '№',
  `bank_name` varchar(50) NOT NULL COMMENT 'Банк',
  `card_no` varchar(16) NOT NULL COMMENT 'Номер карты',
  `sort` tinyint(3) unsigned NOT NULL COMMENT 'Сортировка',
  PRIMARY KEY (`id`)
) ENGINE=InnoDB AUTO_INCREMENT=4 DEFAULT CHARSET=utf8mb4;
/*!40101 SET character_set_client = @saved_cs_client */;

--
-- Dumping data for table `bank_card`
--

LOCK TABLES `bank_card` WRITE;
/*!40000 ALTER TABLE `bank_card` DISABLE KEYS */;
INSERT INTO `bank_card` VALUES (1,'Сбербанк','4276400071825930',1),(2,'Райффайзенбанк','4476246136397243',2),(3,'Совкомбанк','5399623060567598',3);
/*!40000 ALTER TABLE `bank_card` ENABLE KEYS */;
UNLOCK TABLES;

--
-- Table structure for table `link`
--

DROP TABLE IF EXISTS `link`;
/*!40101 SET @saved_cs_client     = @@character_set_client */;
/*!40101 SET character_set_client = utf8 */;
CREATE TABLE `link` (
  `id` int(10) unsigned NOT NULL AUTO_INCREMENT,
  `link_block_id` int(10) unsigned DEFAULT NULL,
  `name` varchar(50) NOT NULL,
  `href` varchar(500) NOT NULL,
  `private` tinyint(3) unsigned NOT NULL DEFAULT 0,
  `icon` varchar(100) NOT NULL,
  PRIMARY KEY (`id`),
  KEY `FK_link_block_id` (`link_block_id`),
  CONSTRAINT `FK_link_link` FOREIGN KEY (`link_block_id`) REFERENCES `link_block` (`id`) ON DELETE SET NULL ON UPDATE CASCADE
) ENGINE=InnoDB AUTO_INCREMENT=100 DEFAULT CHARSET=utf8;
/*!40101 SET character_set_client = @saved_cs_client */;

--
-- Dumping data for table `link`
--

LOCK TABLES `link` WRITE;
/*!40000 ALTER TABLE `link` DISABLE KEYS */;
INSERT INTO `link` VALUES (1,1,'108674608','https://web.icq.com/',0,'108674608.ico'),(2,2,'paypal','https://www.paypal.com/ru/signin',0,'paypal.ico'),(3,2,'pkb','https://my.collector.ru/signin',0,'pkb.png'),(4,2,'qiwi','https://qiwi.com/replenish',0,'qiwi.ico'),(5,2,'raiffaisen','https://online.raiffeisen.ru/#/login/main',0,'raiffaisen.png'),(6,2,'sberbank','https://online.sberbank.ru/CSAFront/index.do',0,'sberbank.ico'),(7,2,'vsesrazu','https://vsesrazu-raiffeisen.ru/#/sign-in',0,'vsesrazu.ico'),(8,2,'webmoney','https://login.wmtransfer.com/GateKeeper/Password/2d64c8ae-25ab-4daa-a1ef-c3532aa9fef7.aspx',0,'webmoney.ico'),(9,3,'beeline','https://moskva.beeline.ru/login/',0,'beeline.ico'),(10,3,'emias','https://emias.info/appointment/create',0,'emias.png'),(11,3,'fornex','https://fornex.com/my/hosting/',0,'fornex.ico'),(12,3,'gosuslugi','https://www.gosuslugi.ru/',0,'gosuslugi.ico'),(13,3,'mgts','https://login.mgts.ru/amserver/UI/Login',0,'mgts.ico'),(14,3,'microweb','https://microweb.info:2222/',0,'microweb.png'),(15,3,'mos.ru','https://www.mos.ru/services/catalog/popular/',0,'mos.ru.ico'),(16,3,'mosenergo','https://my.mosenergosbyt.ru/auth',0,'mosenergo.ico'),(17,3,'nic.ru','https://www.nic.ru/manager/my_domains.cgi?step=srv.my_domains',0,'nic.ru.ico'),(18,3,'pochta.ru','https://www.pochta.ru/tracking',0,'pochta.ru.ico'),(19,3,'zakaznoe','https://zakaznoe.pochta.ru/inbox/personal',0,'zakaznoe.ico'),(20,4,'5ka','https://my.5ka.ru/login',0,'5ka.ico'),(21,4,'petelinka','https://promo.petelinka.ru/',0,'petelinka.png'),(22,4,'sportmaster','https://www.sportmaster.ru/user/session/login.do',0,'sportmaster.ico'),(23,4,'victoria','https://lk.victoria-group.ru/',0,'victoria.png'),(24,4,'zdorov.ru','https://zdorov.ru/',0,'zdorov.ru.png'),(25,5,'mixcloud','https://www.mixcloud.com/maxaftaa/uploads',0,'mixcloud.ico'),(26,5,'soundcloud','https://soundcloud.com/aftaa/tracks',0,'soundcloud.ico'),(31,6,'vseti','https://docs.google.com/spreadsheets/d/1R_WhD-No9K4Z8b4PN71RJ8KJoauNiSFwAN0Ts52D8oo/edit?ouid=106653452409643666048&usp=sheets_home&ths=true',0,'vseti.ico'),(33,7,'calendar','https://calendar.google.com/calendar/r',0,'calendar.ico'),(34,7,'calendar import','https://calendar.google.com/calendar/r/settings/export',0,'calendar_import.ico'),(35,7,'contacts','https://contacts.google.com/',0,'contacts.png'),(36,7,'docs','https://docs.google.com/document/u/0/',0,'docs.ico'),(37,7,'drive','https://drive.google.com/drive/',0,'drive.ico'),(38,7,'find','https://www.google.com/android/find',0,'find.png'),(39,7,'gmail','https://mail.google.com/mail/u/0/',0,'gmail.ico'),(40,7,'keep','https://keep.google.com/',0,'keep.ico'),(41,7,'maps','https://www.google.com/maps',0,'maps.jpg'),(42,7,'spreadsheets','https://docs.google.com/spreadsheets/u/0/',0,'spreadsheets.ico'),(43,8,'disk','https://disk.yandex.ru/client/disk',0,'disk.ico'),(44,8,'internet','https://yandex.ru/internet/',0,'internet.ico'),(45,8,'mail','https://mail.yandex.ru/#inbox',0,'mail.ico'),(46,8,'maps','https://yandex.ru/maps/213/moscow/?ll=37.654226%2C55.730662&z=13.3',0,'maps.png'),(47,8,'metrika','https://metrika.yandex.ru/list?',0,'metrika.ico'),(48,8,'money','https://money.yandex.ru/actions?_openstat=template%3Bimenu%3Blogo',0,'money.ico'),(49,8,'pogoda','https://yandex.ru/pogoda/moscow?lat=55.633213&lon=37.659318',0,'pogoda.ico'),(50,8,'translate','https://translate.yandex.ru/',0,'translate.ico'),(51,8,'tv','https://tv.yandex.ru/',0,'tv.ico'),(52,9,'mail.ru','https://e.mail.ru/inbox/',0,'mail.ru.ico'),(53,9,'messenger','https://www.facebook.com/messages/',0,'messenger.ico'),(54,9,'whatsapp','https://web.whatsapp.com/',0,'whatsapp.ico'),(55,10,'asus','http://172.16.1.1/',1,'asus.ico'),(56,10,'zte','http://128.0.142.30/',0,'zte.png'),(57,11,'aftaa.ru','skype:aftaa.ru',0,'aftaa.ru.ico'),(58,11,'<small>gabidullin@gmail.com</small>','skype:gabidullin@gmail.com',0,'gabidullin@gmail.com.ico'),(59,11,'<b>maxim.gabidullin</b>','skype:maxim.gabidullin',0,'maxim.gabidullin.ico'),(60,12,'facebook','https://www.facebook.com/maxaftaa?ref=bookmarks',0,'facebook.ico'),(61,12,'foursquare','https://ru.foursquare.com/user/20504475',0,'foursquare.ico'),(62,12,'lepra','https://leprosorium.ru/users/after',0,'lepra.ico'),(63,12,'lj','https://aftaa.livejournal.com/',0,'lj.ico'),(64,12,'ok','https://ok.ru/profile/560287849372',0,'ok.ico'),(65,12,'swarm','https://www.swarmapp.com/activity',0,'swarm.ico'),(66,12,'vk','https://vk.com/aftaa',0,'vk.ico'),(67,13,'maximafter','https://t.me/maximafter',0,'maximafter.ico'),(68,13,'maximgabidullin','https://t.me/maximgabidullin',0,'maximgabidullin.ico'),(69,14,'instagram','https://www.instagram.com/aftaa/',0,'instagram.ico'),(70,14,'kinopoisk','https://mykp.ru/after',0,'kinopoisk.ico'),(71,14,'swarm','https://www.swarmapp.com/history',0,'swarm.ico'),(72,14,'twitter','https://twitter.com/aftaa',0,'twitter.ico'),(73,6,'mom\'s work','https://docs.google.com/spreadsheets/d/15siMbGWBKOD5aFdAITRkVorV5HKGKuYTll6n1HRTGN4/edit#gid=385834723',1,'vseti.ico'),(74,6,'omut 2020','https://docs.google.com/spreadsheets/d/1jPRvI6XWZDsPH2Abt_bJ2-ZAVK1P1kJKB4pGwQm-eoE/edit#gid=352880784',1,'vseti.ico'),(75,3,'microweb pMA','https://microweb.info/phpmyadmin/',1,'/vaficons/microweb_pMA.ico\r\n'),(76,3,'hh','https://hh.ru/applicant/resumes?from=header_new',1,'hh.png'),(77,3,'stoloto','https://www.stoloto.ru/private/tickets',1,'stoloto.png'),(78,14,'github','https://github.com/',1,'github.ico'),(79,4,'K&B','https://krasnoeibeloe.ru/personal/',1,'k&b.ico'),(80,4,'stolichki','https://stolichki.ru/personal/orders',1,'stolichki.ico'),(81,15,'kuba.msk.ru','http://kuba.msk.ru/',1,'kuba.msk.ru.png'),(82,15,'after.aftaa.ru','http://after.aftaa.ru/',1,'after.aftaa.ru.ico'),(83,16,'<small>vseti-goroda.aftaa.ru</small>','http://vseti-goroda.aftaa.ru/',1,'vseti-goroda.aftaa.ru.ico'),(84,15,'lj.aftaa.ru','http://lj.aftaa.ru/',1,'lj.aftaa.ru.png'),(85,15,'kuba.moscow','http://kuba.moscow/',1,'kuba.moscow.png'),(86,8,'connect','https://connect.yandex.ru/',1,'favicons/connect.yandex.ru.ico'),(87,3,'roundcube','https://microweb.info/roundcube/',1,'roundcube.ico'),(88,15,'after.aftaa.local','http://after.aftaa.local/',1,'after.aftaa.local.ico'),(89,16,'vseti-goroda.local','http://vseti-goroda.local/',1,'vseti-goroda.aftaa.local.ico'),(90,4,'gorzdrav','https://gorzdrav.org/',1,'gorzdrav.png'),(91,9,'onedrive','https://onedrive.live.com/?id=root&cid=4F1242EA12A0B3D2',1,'onedrive.ico'),(92,16,'vseti-goroda.ru','http://vseti-goroda.ru/',1,'vseti-goroda.aftaa.ru.ico'),(93,16,'vseti-goroda.ru','http://vseti-goroda.ru/',1,'vseti-goroda.ru.ico'),(94,3,'beget','https://cp.beget.com/login?next=/main',1,'beget.ico'),(95,9,'fssp','https://fssprus.ru/iss/ip?is%5Bvariant%5D=1&is%5Blast_name%5D=%D0%B3%D0%B0%D0%B1%D0%B8%D0%B4%D1%83%D0%BB%D0%BB%D0%B8%D0%BD&is%5Bfirst_name%5D=%D0%BC%D0%B0%D0%BA%D1%81%D0%B8%D0%BC&is%5Bpatronymic%5D=%D1%84%D0%B0%D1%80%D0%B8%D1%82%D0%BE%D0%B2%D0%B8%D1%87&is%5Bdate%5D=&is%5Bregion_id%5D%5B0%5D=-1',1,'fssp.ico'),(99,6,'коммуналка','https://docs.google.com/spreadsheets/d/1X6coUMSzu9WNqLyR6K93RpvLhKu84fjYtnp2xDRR7t0/edit#gid=1016641605',1,'https://aftaa.ru/favicons/mom\'s_work.ico');
/*!40000 ALTER TABLE `link` ENABLE KEYS */;
UNLOCK TABLES;

--
-- Table structure for table `link_block`
--

DROP TABLE IF EXISTS `link_block`;
/*!40101 SET @saved_cs_client     = @@character_set_client */;
/*!40101 SET character_set_client = utf8 */;
CREATE TABLE `link_block` (
  `id` int(10) unsigned NOT NULL AUTO_INCREMENT,
  `name` varchar(50) NOT NULL,
  PRIMARY KEY (`id`)
) ENGINE=InnoDB AUTO_INCREMENT=17 DEFAULT CHARSET=utf8;
/*!40101 SET character_set_client = @saved_cs_client */;

--
-- Dumping data for table `link_block`
--

LOCK TABLES `link_block` WRITE;
/*!40000 ALTER TABLE `link_block` DISABLE KEYS */;
INSERT INTO `link_block` VALUES (1,'ICQ'),(2,'finance'),(3,'lk'),(4,'shopping'),(5,'music &amp; mixes'),(6,'projects'),(7,'google'),(8,'yandex'),(9,'other'),(10,'routers'),(11,'Skype'),(12,'social networks'),(13,'telegram'),(14,'where I live'),(15,'my'),(16,'vg');
/*!40000 ALTER TABLE `link_block` ENABLE KEYS */;
UNLOCK TABLES;

--
-- Table structure for table `link_view`
--

DROP TABLE IF EXISTS `link_view`;
/*!40101 SET @saved_cs_client     = @@character_set_client */;
/*!40101 SET character_set_client = utf8 */;
CREATE TABLE `link_view` (
  `id` int(10) unsigned NOT NULL AUTO_INCREMENT,
  `link_id` int(10) unsigned NOT NULL,
  `date_time` datetime NOT NULL,
  `ip4` int(10) unsigned NOT NULL,
  `is_guest` tinyint(1) NOT NULL DEFAULT 0 COMMENT 'Гость?',
  PRIMARY KEY (`id`),
  KEY `FK2` (`link_id`),
  CONSTRAINT `FK2` FOREIGN KEY (`link_id`) REFERENCES `link` (`id`) ON DELETE CASCADE ON UPDATE CASCADE
) ENGINE=InnoDB AUTO_INCREMENT=2459 DEFAULT CHARSET=utf8;
/*!40101 SET character_set_client = @saved_cs_client */;

--
-- Dumping data for table `link_view`
--

LOCK TABLES `link_view` WRITE;
/*!40000 ALTER TABLE `link_view` DISABLE KEYS */;
INSERT INTO `link_view` VALUES (1,1,'2019-09-08 04:35:22',2147520030,0),(2,19,'2019-09-08 13:50:24',2147520030,0),(3,14,'2019-09-08 14:36:04',2147520030,0),(4,71,'2019-09-08 15:52:42',2147520030,0),(5,45,'2019-09-08 18:17:25',2147520030,0),(6,42,'2019-09-08 19:58:31',2147520030,0),(7,50,'2019-09-08 20:15:53',2147520030,0),(8,63,'2019-09-09 14:57:48',1582237447,0),(10,33,'2019-09-09 19:40:54',2147520030,0),(11,54,'2019-09-09 21:55:55',2147520030,0),(12,13,'2019-09-09 21:59:01',2147520030,0),(13,14,'2019-09-09 22:52:31',2147520030,0),(14,14,'2019-09-09 23:36:48',2147520030,0),(15,14,'2019-09-10 00:09:47',2147520030,0),(16,13,'2019-09-10 13:26:58',2147520030,0),(17,21,'2019-09-10 13:28:08',2147520030,0),(18,13,'2019-09-10 13:29:42',2147520030,0),(19,33,'2019-09-10 13:30:00',2147520030,0),(20,14,'2019-09-10 13:30:38',2147520030,0),(21,71,'2019-09-10 14:42:05',2147520030,0),(22,35,'2019-09-10 14:53:05',2147520030,0),(23,14,'2019-09-10 15:33:30',2147520030,0),(24,14,'2019-09-10 16:10:08',2147520030,0),(25,14,'2019-09-10 16:13:20',2147520030,0),(26,55,'2019-09-10 20:20:14',2147520030,0),(27,60,'2019-09-11 02:41:16',2147520030,0),(28,64,'2019-09-11 02:42:35',2147520030,0),(29,40,'2019-09-11 02:43:43',2147520030,0),(30,54,'2019-09-11 13:45:36',2147520030,0),(31,40,'2019-09-11 13:46:24',2147520030,0),(32,15,'2019-09-11 14:38:29',2147520030,0),(33,41,'2019-09-11 14:57:44',2147520030,0),(34,33,'2019-09-11 14:59:32',2147520030,0),(35,34,'2019-09-11 15:06:47',2147520030,0),(36,14,'2019-09-11 15:15:41',2147520030,0),(37,66,'2019-09-11 15:23:33',2147520030,0),(38,33,'2019-09-11 15:31:21',2147520030,0),(39,69,'2019-09-11 16:21:32',2147520030,0),(40,33,'2019-09-11 17:57:53',2147520030,0),(41,50,'2019-09-11 19:18:18',2147520030,0),(42,71,'2019-09-11 20:41:56',2147520030,0),(43,14,'2019-09-11 22:07:08',2147520030,0),(44,55,'2019-09-11 23:03:11',2147520030,0),(45,14,'2019-09-12 02:12:55',2147520030,0),(46,56,'2019-09-12 02:17:59',2147520030,0),(47,14,'2019-09-12 13:28:28',2147520030,0),(48,31,'2019-09-12 14:25:02',2147520030,0),(49,42,'2019-09-12 14:25:07',2147520030,0),(50,12,'2019-09-12 21:32:09',2147520030,0),(51,56,'2019-09-13 14:08:48',2147520030,0),(52,55,'2019-09-13 14:35:58',2147520030,0),(53,56,'2019-09-13 14:50:14',2147520030,0),(54,55,'2019-09-13 14:50:49',2147520030,0),(55,14,'2019-09-13 15:07:18',2147520030,0),(56,56,'2019-09-13 15:08:14',2147520030,0),(57,40,'2019-09-13 15:12:30',2147520030,0),(58,55,'2019-09-13 15:15:14',2147520030,0),(59,55,'2019-09-13 15:15:30',2147520030,0),(60,14,'2019-09-13 21:49:34',2147520030,0),(61,56,'2019-09-13 21:51:01',2147520030,0),(62,55,'2019-09-13 21:51:56',2147520030,0),(63,5,'2019-09-14 07:42:15',2147520030,0),(64,15,'2019-09-14 07:44:08',2147520030,0),(65,40,'2019-09-14 07:47:41',2147520030,0),(66,54,'2019-09-14 07:47:49',2147520030,0),(67,11,'2019-09-14 07:51:24',2147520030,0),(68,54,'2019-09-14 16:29:38',2147520030,0),(69,14,'2019-09-14 16:58:02',2147520030,0),(70,6,'2019-09-14 17:08:19',2147520030,0),(71,56,'2019-09-14 19:37:56',2147520030,0),(72,55,'2019-09-14 19:40:14',2147520030,0),(73,19,'2019-09-14 20:38:37',2147520030,0),(74,10,'2019-09-14 21:54:22',2147520030,0),(75,56,'2019-09-14 21:55:16',2147520030,0),(76,55,'2019-09-14 22:29:57',2147520030,0),(77,55,'2019-09-14 22:44:02',2147520030,0),(78,56,'2019-09-14 22:53:05',2147520030,0),(79,16,'2019-09-14 22:56:47',2147520030,0),(80,71,'2019-09-15 00:43:55',2147520030,0),(81,56,'2019-09-15 01:17:01',2147520030,0),(82,55,'2019-09-15 10:12:53',2147520030,0),(83,12,'2019-09-15 10:24:23',2147520030,0),(84,14,'2019-09-15 10:25:25',2147520030,0),(85,44,'2019-09-15 10:29:31',3579288340,0),(86,56,'2019-09-15 10:30:57',3579288340,0),(87,14,'2019-09-15 14:03:22',2147520030,0),(88,64,'2019-09-15 16:14:47',2147520030,0),(89,69,'2019-09-15 16:15:16',2147520030,0),(90,14,'2019-09-15 17:28:36',2147520030,0),(91,31,'2019-09-15 19:26:37',2147520030,0),(92,33,'2019-09-15 20:53:33',2147520030,0),(93,6,'2019-09-16 13:31:49',2147520030,0),(94,54,'2019-09-16 22:21:15',2147520030,0),(95,40,'2019-09-16 22:32:44',2147520030,0),(96,54,'2019-09-16 22:33:01',2147520030,0),(97,42,'2019-09-16 22:41:29',2147520030,0),(98,42,'2019-09-16 22:56:24',2147520030,0),(99,69,'2019-09-16 23:12:20',2147520030,0),(100,6,'2019-09-16 23:14:14',2147520030,0),(101,43,'2019-09-16 23:35:22',2147520030,0),(102,33,'2019-09-16 23:40:23',2147520030,0),(103,56,'2019-09-16 23:57:01',2147520030,0),(104,55,'2019-09-16 23:59:08',2147520030,0),(105,55,'2019-09-17 00:03:54',2147520030,0),(106,6,'2019-09-17 00:14:11',2147520030,0),(107,35,'2019-09-17 01:38:31',2147520030,0),(108,49,'2019-09-17 02:47:19',2147520030,0),(109,45,'2019-09-17 12:29:52',2147520030,0),(110,60,'2019-09-17 17:50:01',2147520030,0),(111,6,'2019-09-17 20:36:38',2147520030,0),(112,55,'2019-09-17 21:22:11',2147520030,0),(113,56,'2019-09-17 21:22:15',2147520030,0),(114,55,'2019-09-17 21:26:23',2147520030,0),(115,50,'2019-09-17 21:52:15',2147520030,0),(116,19,'2019-09-18 10:58:16',2147520030,0),(117,19,'2019-09-18 11:08:27',2147520030,0),(118,19,'2019-09-18 16:29:39',2147520030,0),(119,10,'2019-09-18 17:44:37',2147520030,0),(120,6,'2019-09-18 17:45:10',2147520030,0),(121,33,'2019-09-18 18:11:24',2147520030,0),(122,69,'2019-09-18 18:13:59',2147520030,0),(123,72,'2019-09-18 18:45:13',2147520030,0),(124,60,'2019-09-18 18:54:18',2147520030,0),(125,66,'2019-09-18 20:21:25',2147520030,0),(126,66,'2019-09-18 20:40:28',2147520030,0),(127,72,'2019-09-18 21:27:06',2147520030,0),(128,45,'2019-09-18 21:28:03',2147520030,0),(129,35,'2019-09-18 21:45:39',2147520030,0),(130,46,'2019-09-18 21:46:49',2147520030,0),(131,6,'2019-09-18 21:53:19',2147520030,0),(132,56,'2019-09-18 21:57:03',2147520030,0),(133,6,'2019-09-18 23:17:08',2147520030,0),(134,71,'2019-09-19 00:08:44',2147520030,0),(135,69,'2019-09-19 11:19:59',2147520030,0),(136,60,'2019-09-19 13:27:25',2147520030,0),(137,60,'2019-09-19 15:24:07',2147520030,0),(138,71,'2019-09-19 15:25:06',2147520030,0),(139,6,'2019-09-19 15:27:50',2147520030,0),(140,72,'2019-09-19 16:55:24',2147520030,0),(141,31,'2019-09-19 21:44:54',2147520030,0),(146,6,'2019-09-19 21:54:12',2147520030,0),(147,69,'2019-09-19 22:46:52',2147520030,0),(148,66,'2019-09-19 23:23:53',2147520030,0),(149,54,'2019-09-20 02:11:26',2147520030,0),(150,55,'2019-09-20 03:38:53',2147520030,0),(151,10,'2019-09-20 05:21:17',2147520030,0),(152,71,'2019-09-20 05:52:17',2147520030,0),(153,71,'2019-09-20 06:00:58',2147520030,0),(154,66,'2019-09-20 06:04:31',2147520030,0),(155,42,'2019-09-20 15:27:27',2147520030,0),(156,21,'2019-09-20 18:04:17',2147520030,0),(157,7,'2019-09-20 18:09:19',2147520030,0),(158,12,'2019-09-20 18:09:52',2147520030,0),(159,3,'2019-09-20 18:41:13',2147520030,0),(160,71,'2019-09-20 23:53:34',2147520030,0),(161,71,'2019-09-21 01:02:09',2147520030,0),(162,71,'2019-09-21 13:20:13',2147520030,0),(163,40,'2019-09-21 13:42:39',2147520030,0),(164,71,'2019-09-21 16:06:30',2147520030,0),(165,72,'2019-09-21 16:07:00',2147520030,0),(166,55,'2019-09-21 16:08:26',2147520030,0),(167,56,'2019-09-21 16:41:20',2147520030,0),(168,14,'2019-09-21 17:28:41',2147520030,0),(169,15,'2019-09-21 18:06:33',2147520030,0),(170,50,'2019-09-21 18:59:26',2147520030,0),(171,14,'2019-09-21 20:14:18',2147520030,0),(172,45,'2019-09-21 21:09:34',2147520030,0),(173,50,'2019-09-22 09:11:28',2147520030,0),(174,44,'2019-09-22 11:25:50',3571480080,0),(175,57,'2019-09-22 12:34:35',1837037880,0),(176,71,'2019-09-22 12:34:43',1837037880,0),(177,52,'2019-09-22 13:34:40',2147520030,0),(178,39,'2019-09-22 13:35:41',2147520030,0),(179,42,'2019-09-22 13:39:23',2147520030,0),(180,35,'2019-09-22 13:43:38',2147520030,0),(181,71,'2019-09-22 15:25:11',2147520030,0),(182,5,'2019-09-22 15:49:43',2147520030,0),(183,6,'2019-09-22 15:59:59',2147520030,0),(184,55,'2019-09-22 17:32:41',2147520030,0),(185,56,'2019-09-22 17:33:02',2147520030,0),(186,14,'2019-09-22 17:34:57',2147520030,0),(187,56,'2019-09-22 19:41:10',2147520030,0),(188,14,'2019-09-22 19:43:22',2147520030,0),(189,19,'2019-09-22 19:44:24',2147520030,0),(190,55,'2019-09-22 20:50:02',2147520030,0),(191,71,'2019-09-22 20:58:41',2147520030,0),(192,71,'2019-09-22 21:08:12',2147520030,0),(193,54,'2019-09-22 21:15:36',2147520030,0),(194,71,'2019-09-23 11:36:11',2147520030,0),(195,60,'2019-09-23 12:07:57',2147520030,0),(196,33,'2019-09-23 12:10:55',2147520030,0),(197,42,'2019-09-23 12:43:40',2147520030,0),(198,33,'2019-09-23 12:47:54',2147520030,0),(199,24,'2019-09-23 12:56:37',2147520030,0),(200,50,'2019-09-23 13:08:37',2147520030,0),(201,42,'2019-09-23 13:15:32',2147520030,0),(202,64,'2019-09-23 13:20:32',2147520030,0),(203,64,'2019-09-23 13:21:35',2147520030,0),(204,33,'2019-09-23 13:26:27',2147520030,0),(205,19,'2019-09-23 13:29:15',2147520030,0),(206,42,'2019-09-23 14:56:21',2147520030,0),(207,45,'2019-09-23 16:23:36',2147520030,0),(208,60,'2019-09-23 17:08:46',2147520030,0),(209,64,'2019-09-23 17:27:03',2147520030,0),(210,50,'2019-09-23 17:41:44',2147520030,0),(211,50,'2019-09-23 18:31:34',2147520030,0),(212,72,'2019-09-23 19:23:34',2147520030,0),(213,14,'2019-09-24 15:35:15',2147520030,0),(214,41,'2019-09-24 15:43:41',2147520030,0),(215,64,'2019-09-24 15:44:27',2147520030,0),(216,42,'2019-09-24 15:45:54',2147520030,0),(217,74,'2019-09-24 15:55:54',2147520030,0),(218,73,'2019-09-24 15:56:04',2147520030,0),(219,12,'2019-09-24 15:59:38',2147520030,0),(220,74,'2019-09-24 16:19:15',2147520030,0),(221,73,'2019-09-24 16:21:08',2147520030,0),(222,50,'2019-09-24 21:32:27',2147520030,0),(223,71,'2019-09-24 21:59:52',2147520030,0),(224,6,'2019-09-25 15:37:30',2147520030,0),(225,60,'2019-09-25 15:52:39',2147520030,0),(226,73,'2019-09-25 15:54:53',2147520030,0),(227,74,'2019-09-25 16:49:56',2147520030,0),(228,6,'2019-09-25 16:50:54',2147520030,0),(229,35,'2019-09-25 18:25:38',2147520030,0),(230,40,'2019-09-26 02:51:49',2147520030,0),(231,26,'2019-09-26 08:53:25',1604703714,0),(232,25,'2019-09-26 08:53:29',1604703714,0),(233,73,'2019-09-26 19:14:22',2147520030,0),(234,40,'2019-09-26 20:04:49',2147520030,0),(235,64,'2019-09-26 20:24:10',2147520030,0),(236,60,'2019-09-26 20:24:27',2147520030,0),(237,56,'2019-09-26 20:25:44',2147520030,0),(238,25,'2019-09-27 09:49:43',635722163,0),(239,54,'2019-09-27 10:35:59',1604703714,0),(240,40,'2019-09-27 10:36:21',1604703714,0),(241,42,'2019-09-27 10:57:48',1604703714,0),(242,6,'2019-09-27 18:49:19',2147520030,0),(243,73,'2019-09-27 18:49:28',2147520030,0),(244,6,'2019-09-27 19:16:07',2147520030,0),(245,51,'2019-09-27 21:10:13',2147520030,0),(246,66,'2019-09-27 21:12:53',2147520030,0),(247,14,'2019-09-28 12:21:05',2147520030,0),(248,56,'2019-09-28 12:21:49',2147520030,0),(249,54,'2019-09-28 12:48:03',2147520030,0),(250,12,'2019-09-28 19:07:13',2147520030,0),(251,19,'2019-09-28 19:07:30',2147520030,0),(252,40,'2019-09-28 19:48:13',2147520030,0),(253,35,'2019-09-28 20:02:44',2147520030,0),(254,42,'2019-09-28 20:18:19',2147520030,0),(255,33,'2019-09-28 20:22:23',2147520030,0),(256,50,'2019-09-28 21:37:14',2147520030,0),(257,6,'2019-09-29 09:15:21',2147520030,0),(258,74,'2019-09-29 09:15:41',2147520030,0),(259,5,'2019-09-29 09:26:30',2147520030,0),(260,14,'2019-09-29 09:28:53',2147520030,0),(261,33,'2019-09-29 09:38:54',2147520030,0),(262,52,'2019-09-29 09:48:42',2147520030,0),(263,55,'2019-09-29 09:58:28',2147520030,0),(264,14,'2019-09-29 11:40:33',2147520030,0),(265,31,'2019-09-29 12:53:44',2147520030,0),(266,56,'2019-09-29 20:10:50',2147520030,0),(267,12,'2019-09-30 09:34:46',1604703714,0),(268,45,'2019-09-30 13:39:36',1604703714,0),(269,50,'2019-09-30 15:52:26',1604703714,0),(270,12,'2019-09-30 17:21:50',1604703714,0),(271,12,'2019-09-30 17:35:50',1604703714,0),(272,12,'2019-09-30 17:37:28',1604703714,0),(273,15,'2019-09-30 17:37:35',1604703714,0),(274,16,'2019-09-30 17:37:41',1604703714,0),(275,13,'2019-09-30 17:38:14',1604703714,0),(276,40,'2019-09-30 19:44:19',2147520030,0),(277,13,'2019-09-30 19:45:22',2147520030,0),(278,42,'2019-09-30 19:45:57',2147520030,0),(279,54,'2019-09-30 19:50:16',2147520030,0),(280,16,'2019-09-30 19:51:10',2147520030,0),(281,15,'2019-09-30 19:55:00',2147520030,0),(282,74,'2019-09-30 20:00:58',2147520030,0),(283,6,'2019-09-30 20:01:33',2147520030,0),(284,35,'2019-09-30 20:27:40',2147520030,0),(285,53,'2019-09-30 20:28:10',2147520030,0),(286,5,'2019-09-30 20:46:48',2147520030,0),(287,56,'2019-09-30 22:20:17',2147520030,0),(288,55,'2019-09-30 22:23:12',2147520030,0),(289,16,'2019-10-01 08:18:45',635722163,0),(290,16,'2019-10-01 08:18:51',635722163,0),(291,15,'2019-10-01 08:19:14',635722163,0),(292,16,'2019-10-01 08:19:40',635722163,0),(293,15,'2019-10-01 08:42:59',635722163,0),(294,50,'2019-10-01 09:12:02',635722163,0),(295,16,'2019-10-01 09:58:13',635722163,0),(296,50,'2019-10-01 14:16:12',1604703714,0),(297,6,'2019-10-01 16:24:09',1604703714,0),(298,7,'2019-10-02 14:24:18',1604703714,0),(299,16,'2019-10-02 14:24:50',1604703714,0),(300,12,'2019-10-02 14:25:48',1604703714,0),(301,50,'2019-10-02 14:44:18',1604703714,0),(302,71,'2019-10-02 14:50:18',1604703714,0),(303,61,'2019-10-02 15:45:00',1604703714,0),(304,5,'2019-10-02 21:17:10',2147520030,0),(305,16,'2019-10-02 21:17:27',2147520030,0),(306,42,'2019-10-02 21:18:56',2147520030,0),(307,33,'2019-10-02 21:47:53',2147520030,0),(308,6,'2019-10-02 22:30:57',2147520030,0),(309,24,'2019-10-02 22:32:43',2147520030,0),(310,40,'2019-10-02 22:46:03',2147520030,0),(311,40,'2019-10-02 23:11:16',2147520030,0),(312,6,'2019-10-02 23:20:04',2147520030,0),(313,50,'2019-10-03 08:12:08',1604703714,0),(314,40,'2019-10-03 08:15:45',1604703714,0),(315,11,'2019-10-03 08:17:14',1604703714,0),(316,71,'2019-10-03 09:31:51',1604703714,0),(317,54,'2019-10-03 15:48:11',1604703714,0),(318,60,'2019-10-03 16:29:13',1604703714,0),(319,33,'2019-10-03 16:31:10',1604703714,0),(320,50,'2019-10-03 21:54:22',2147520030,0),(321,26,'2019-10-04 00:44:26',2147520030,0),(322,66,'2019-10-04 00:46:57',2147520030,0),(323,40,'2019-10-04 00:53:45',2147520030,0),(324,66,'2019-10-04 01:00:19',2147520030,0),(325,26,'2019-10-04 01:40:45',2147520030,0),(326,66,'2019-10-04 01:43:11',2147520030,0),(327,49,'2019-10-04 09:35:02',1604703714,0),(328,7,'2019-10-04 09:36:10',1604703714,0),(329,33,'2019-10-04 09:40:25',1604703714,0),(330,69,'2019-10-04 09:43:02',1604703714,0),(331,12,'2019-10-04 09:45:30',1604703714,0),(332,60,'2019-10-04 09:47:56',1604703714,0),(333,66,'2019-10-04 09:48:16',1604703714,0),(334,12,'2019-10-04 09:48:42',1604703714,0),(335,19,'2019-10-04 09:48:52',1604703714,0),(336,11,'2019-10-04 09:55:14',1604703714,0),(337,22,'2019-10-04 09:56:58',1604703714,0),(338,74,'2019-10-04 10:15:57',1604703714,0),(339,6,'2019-10-05 10:08:45',2147520030,0),(340,40,'2019-10-05 10:12:12',2147520030,0),(341,15,'2019-10-05 10:41:39',2147520030,0),(342,20,'2019-10-06 12:02:41',2147520030,0),(343,35,'2019-10-06 18:46:23',2147520030,0),(344,25,'2019-10-08 19:32:33',2147520030,0),(345,26,'2019-10-08 19:35:04',2147520030,0),(346,26,'2019-10-08 19:49:42',2147520030,0),(347,54,'2019-10-09 10:52:46',2147520030,0),(348,40,'2019-10-09 10:56:53',2147520030,0),(349,66,'2019-10-10 00:51:55',2147520030,0),(350,24,'2019-10-12 16:09:40',2147520030,0),(351,51,'2019-10-12 18:32:37',2147520030,0),(352,51,'2019-10-12 18:34:53',2147520030,0),(353,40,'2019-10-12 21:47:30',866024664,0),(354,24,'2019-10-12 22:37:42',866024664,0),(355,71,'2019-10-12 23:26:58',866024664,0),(356,35,'2019-10-12 23:38:20',866024664,0),(357,33,'2019-10-12 23:42:36',866024664,0),(358,13,'2019-10-12 23:43:58',866024664,0),(359,5,'2019-10-13 01:15:10',2147520030,0),(360,15,'2019-10-13 05:01:05',2147520030,0),(361,15,'2019-10-13 05:03:31',2147520030,0),(362,24,'2019-10-13 05:50:50',2147520030,0),(363,74,'2019-10-13 06:01:08',2147520030,0),(364,33,'2019-10-13 07:12:30',2147520030,0),(365,42,'2019-10-13 07:14:29',2147520030,0),(366,40,'2019-10-13 16:26:59',2147520030,0),(367,11,'2019-10-13 23:12:01',2147520030,0),(368,40,'2019-10-13 23:16:11',2147520030,0),(369,73,'2019-10-14 01:23:35',2147520030,0),(370,24,'2019-10-14 01:53:42',2147520030,0),(371,40,'2019-10-14 01:56:40',2147520030,0),(372,66,'2019-10-14 12:55:48',2147520030,0),(373,69,'2019-10-14 14:08:47',2959865862,0),(374,12,'2019-10-14 23:59:54',2147520030,0),(375,42,'2019-10-15 00:26:46',2147520030,0),(376,40,'2019-10-15 01:11:58',2147520030,0),(377,33,'2019-10-15 01:12:15',2147520030,0),(378,6,'2019-10-15 01:14:52',2147520030,0),(379,54,'2019-10-15 01:18:31',2147520030,0),(380,40,'2019-10-15 01:18:40',2147520030,0),(381,15,'2019-10-15 01:21:30',2147520030,0),(382,16,'2019-10-15 01:24:41',2147520030,0),(383,42,'2019-10-15 01:50:41',2147520030,0),(384,12,'2019-10-15 02:24:21',2147520030,0),(385,35,'2019-10-15 02:53:27',2147520030,0),(386,33,'2019-10-15 02:56:08',2147520030,0),(387,12,'2019-10-15 03:49:48',2147520030,0),(388,33,'2019-10-15 03:59:07',2147520030,0),(389,42,'2019-10-15 04:27:15',2147520030,0),(390,35,'2019-10-15 04:34:31',2147520030,0),(391,11,'2019-10-15 15:19:06',2147520030,0),(392,33,'2019-10-15 15:35:30',2147520030,0),(393,6,'2019-10-15 15:39:13',2147520030,0),(394,33,'2019-10-15 16:27:53',2147520030,0),(395,6,'2019-10-15 18:08:38',2147520030,0),(396,7,'2019-10-15 18:08:41',2147520030,0),(397,40,'2019-10-16 13:23:00',2147520030,0),(398,35,'2019-10-16 13:23:07',2147520030,0),(399,33,'2019-10-16 13:28:55',2147520030,0),(400,35,'2019-10-16 13:30:41',2147520030,0),(401,38,'2019-10-16 13:34:22',2147520030,0),(402,41,'2019-10-16 13:34:50',2147520030,0),(403,42,'2019-10-16 14:37:24',2147520030,0),(404,66,'2019-10-16 19:16:02',2147520030,0),(405,66,'2019-10-16 19:29:14',2147520030,0),(406,33,'2019-10-16 19:41:59',2147520030,0),(407,6,'2019-10-16 22:35:40',2147520030,0),(408,40,'2019-10-16 23:08:34',2147520030,0),(409,14,'2019-10-16 23:17:15',2147520030,0),(410,5,'2019-10-16 23:26:55',2147520030,0),(411,6,'2019-10-17 13:04:33',2147520030,0),(412,54,'2019-10-17 13:05:37',2147520030,0),(413,66,'2019-10-17 13:24:21',2147520030,0),(414,12,'2019-10-17 14:06:55',2147520030,0),(415,19,'2019-10-17 14:07:14',2147520030,0),(416,33,'2019-10-17 14:11:22',2147520030,0),(417,74,'2019-10-17 15:33:35',2147520030,0),(418,33,'2019-10-17 15:38:22',2147520030,0),(419,66,'2019-10-17 15:40:45',2147520030,0),(420,38,'2019-10-17 19:22:56',2147520030,0),(421,71,'2019-10-17 20:43:16',2147520030,0),(422,60,'2019-10-17 20:44:18',2147520030,0),(423,40,'2019-10-17 23:11:39',2147520030,0),(424,14,'2019-10-17 23:51:23',2147520030,0),(425,14,'2019-10-18 00:12:25',2147520030,0),(426,6,'2019-10-18 02:37:09',2147520030,0),(427,5,'2019-10-18 03:41:15',2147520030,0),(428,55,'2019-10-18 21:32:38',2147520030,0),(429,12,'2019-10-18 21:37:17',2147520030,0),(430,73,'2019-10-19 11:18:02',2147520030,0),(431,35,'2019-10-19 17:39:09',2147520030,0),(432,74,'2019-10-19 21:01:32',2147520030,0),(433,31,'2019-10-19 21:12:35',2147520030,0),(434,55,'2019-10-19 22:13:13',2147520030,0),(435,15,'2019-10-20 13:31:07',2147520030,0),(436,33,'2019-10-20 14:35:41',2147520030,0),(437,60,'2019-10-20 22:28:24',2147520030,0),(438,71,'2019-10-20 23:13:51',2147520030,0),(439,6,'2019-10-20 23:27:15',2147520030,0),(440,42,'2019-10-20 23:46:11',2147520030,0),(441,31,'2019-10-21 03:32:42',2147520030,0),(442,5,'2019-10-21 03:38:50',2147520030,0),(443,74,'2019-10-21 06:45:11',2147520030,0),(444,6,'2019-10-21 06:58:29',2147520030,0),(445,38,'2019-10-21 09:00:30',2147520030,0),(446,71,'2019-10-21 21:21:25',2147520030,0),(447,26,'2019-10-22 00:57:54',2147520030,0),(448,26,'2019-10-22 01:07:05',2147520030,0),(449,26,'2019-10-22 01:16:46',2147520030,0),(450,66,'2019-10-22 18:56:16',2147520030,0),(451,26,'2019-10-22 19:31:14',2147520030,0),(452,26,'2019-10-22 19:59:35',2147520030,0),(453,6,'2019-10-23 02:38:13',2147520030,0),(454,26,'2019-10-23 03:21:18',2147520030,0),(455,6,'2019-10-23 15:42:12',2147520030,0),(456,31,'2019-10-23 15:55:28',2147520030,0),(457,74,'2019-10-23 15:55:57',2147520030,0),(458,53,'2019-10-23 16:20:25',2147520030,0),(459,6,'2019-10-23 16:35:41',2147520030,0),(460,53,'2019-10-23 17:40:00',2147520030,0),(461,66,'2019-10-23 17:41:21',2147520030,0),(462,66,'2019-10-23 17:53:36',2147520030,0),(463,6,'2019-10-23 21:19:20',2147520030,0),(464,26,'2019-10-23 21:24:25',2147520030,0),(465,26,'2019-10-23 21:58:20',2147520030,0),(466,66,'2019-10-23 22:11:37',2147520030,0),(467,52,'2019-10-23 23:27:41',2147520030,0),(468,45,'2019-10-24 05:05:23',2147520030,0),(469,46,'2019-10-24 05:56:31',2147520030,0),(470,12,'2019-10-24 06:29:22',2147520030,0),(471,53,'2019-10-24 14:29:03',2147520030,0),(472,6,'2019-10-24 20:09:50',2147520030,0),(473,13,'2019-10-25 00:34:04',2147520030,0),(474,71,'2019-10-25 03:24:15',3104978263,0),(475,26,'2019-10-25 03:48:03',3104978263,0),(476,71,'2019-10-25 03:54:54',3104978263,0),(477,42,'2019-10-25 19:18:38',2147520030,0),(478,14,'2019-10-25 21:22:33',2147520030,0),(479,56,'2019-10-25 21:41:09',2147520030,0),(480,56,'2019-10-25 21:41:30',2147520030,0),(481,55,'2019-10-25 21:43:51',2147520030,0),(482,55,'2019-10-25 21:48:22',2147520030,0),(483,56,'2019-10-25 21:48:31',2147520030,0),(484,40,'2019-10-26 04:22:17',2147520030,0),(485,6,'2019-10-26 04:32:52',2147520030,0),(486,24,'2019-10-26 05:23:34',2147520030,0),(487,6,'2019-10-26 18:56:59',2147520030,0),(488,54,'2019-10-26 20:44:55',2147520030,0),(489,5,'2019-10-27 00:21:35',2147520030,0),(490,71,'2019-10-27 09:05:14',2147520030,0),(491,44,'2019-10-27 09:36:31',2147520030,0),(492,56,'2019-10-27 09:38:07',2147520030,0),(493,56,'2019-10-27 09:59:52',2147520030,0),(494,14,'2019-10-27 10:23:16',2147520030,0),(495,15,'2019-10-27 13:47:51',2147520030,0),(496,40,'2019-10-27 13:53:38',2147520030,0),(497,6,'2019-10-27 13:57:29',2147520030,0),(498,16,'2019-10-27 14:09:59',2147520030,0),(499,40,'2019-10-27 14:11:26',2147520030,0),(500,6,'2019-10-27 15:41:23',2147520030,0),(501,12,'2019-10-27 16:33:23',2147520030,0),(502,60,'2019-10-27 16:34:05',2147520030,0),(503,66,'2019-10-27 16:34:49',2147520030,0),(504,71,'2019-10-27 16:53:54',2147520030,0),(505,71,'2019-10-27 17:17:01',2147520030,0),(506,71,'2019-10-27 17:22:41',2147520030,0),(507,56,'2019-10-27 17:23:56',2147520030,0),(508,74,'2019-10-27 19:28:10',2147520030,0),(509,56,'2019-10-27 19:56:35',2147520030,0),(510,55,'2019-10-27 19:57:18',2147520030,0),(511,70,'2019-10-27 20:05:51',2147520030,0),(512,56,'2019-10-27 20:08:57',2147520030,0),(513,55,'2019-10-27 20:16:29',2147520030,0),(514,40,'2019-10-27 20:35:10',2147520030,0),(515,19,'2019-10-27 21:54:41',2147520030,0),(516,71,'2019-10-27 23:23:11',2147520030,0),(517,12,'2019-10-27 23:53:48',2147520030,0),(518,72,'2019-10-28 00:47:04',2147520030,0),(519,69,'2019-10-28 00:47:17',2147520030,0),(520,23,'2019-10-28 01:37:01',2147520030,0),(521,12,'2019-10-28 15:59:00',2147520030,0),(522,40,'2019-10-28 16:01:02',2147520030,0),(523,75,'2019-10-28 17:46:05',2147520030,0),(524,19,'2019-10-28 17:53:09',2147520030,0),(525,35,'2019-10-28 17:53:24',2147520030,0),(526,76,'2019-10-28 18:00:47',2147520030,0),(527,40,'2019-10-28 18:19:17',2147520030,0),(528,56,'2019-10-28 18:27:27',2147520030,0),(529,56,'2019-10-28 18:43:43',2147520030,0),(530,55,'2019-10-28 18:44:47',2147520030,0),(531,54,'2019-10-28 19:00:11',2147520030,0),(532,50,'2019-10-28 19:10:50',2147520030,0),(533,40,'2019-10-28 19:11:12',2147520030,0),(534,56,'2019-10-28 19:13:38',2147520030,0),(535,55,'2019-10-28 19:15:00',2147520030,0),(536,14,'2019-10-28 19:22:00',2147520030,0),(537,33,'2019-10-28 22:11:41',2147520030,0),(538,43,'2019-10-28 22:13:08',2147520030,0),(539,26,'2019-10-28 22:15:47',2147520030,0),(540,33,'2019-10-29 00:37:56',2147520030,0),(541,76,'2019-10-29 15:29:36',2147520030,0),(542,54,'2019-10-29 18:05:24',2147520030,0),(543,40,'2019-10-29 19:14:24',2147520030,0),(544,56,'2019-10-29 19:23:14',2147520030,0),(545,55,'2019-10-29 19:23:41',2147520030,0),(546,12,'2019-10-29 20:03:55',2147520030,0),(547,55,'2019-10-29 20:04:44',2147520030,0),(548,56,'2019-10-29 20:07:19',2147520030,0),(549,56,'2019-10-29 20:08:33',2147520030,0),(550,14,'2019-10-29 20:26:07',2147520030,0),(551,40,'2019-10-29 20:56:50',2147520030,0),(552,71,'2019-10-29 21:30:36',2147520030,0),(553,33,'2019-10-30 01:17:08',2147520030,0),(554,76,'2019-10-30 01:57:19',2147520030,0),(555,6,'2019-10-30 02:06:56',2147520030,0),(556,74,'2019-10-30 02:10:01',2147520030,0),(557,55,'2019-10-30 02:46:25',2147520030,0),(558,75,'2019-10-30 02:47:20',2147520030,0),(559,80,'2019-10-30 03:01:29',2147520030,0),(560,56,'2019-10-30 03:01:41',2147520030,0),(561,55,'2019-10-30 03:02:52',2147520030,0),(562,56,'2019-10-30 03:03:11',2147520030,0),(563,55,'2019-10-30 03:03:17',2147520030,0),(564,56,'2019-10-30 03:04:54',2147520030,0),(565,55,'2019-10-30 03:06:50',2147520030,0),(566,55,'2019-10-30 03:14:37',2147520030,0),(567,56,'2019-10-30 03:14:39',2147520030,0),(568,55,'2019-10-30 03:26:26',2147520030,0),(569,56,'2019-10-30 03:26:36',2147520030,0),(570,78,'2019-10-30 04:47:39',2147520030,0),(571,76,'2019-10-30 05:05:33',2147520030,0),(572,76,'2019-10-30 05:13:54',2147520030,0),(573,12,'2019-10-30 05:15:21',2147520030,0),(574,55,'2019-10-30 06:46:23',2147520030,0),(575,55,'2019-10-30 06:46:30',2147520030,0),(576,55,'2019-10-30 06:46:37',2147520030,0),(577,56,'2019-10-30 06:46:46',2147520030,0),(578,55,'2019-10-30 06:46:51',2147520030,0),(579,56,'2019-10-30 06:51:47',2147520030,0),(580,55,'2019-10-30 15:14:02',2147520030,0),(581,56,'2019-10-30 15:42:35',2147520030,0),(582,33,'2019-10-30 17:11:25',2147520030,0),(583,74,'2019-10-30 17:13:35',2147520030,0),(584,40,'2019-10-30 17:34:30',2147520030,0),(585,35,'2019-10-30 17:55:53',2147520030,0),(586,11,'2019-10-30 18:39:08',2147520030,0),(587,12,'2019-10-30 18:48:38',2147520030,0),(588,6,'2019-10-30 20:47:44',2147520030,0),(589,50,'2019-10-30 21:58:33',2147520030,0),(590,71,'2019-10-30 21:58:39',2147520030,0),(591,74,'2019-10-31 00:25:35',2147520030,0),(592,24,'2019-10-31 01:24:18',2147520030,0),(593,80,'2019-10-31 01:29:24',2147520030,0),(594,71,'2019-10-31 04:22:25',2147520030,0),(595,74,'2019-10-31 05:43:53',2147520030,0),(596,6,'2019-10-31 05:45:21',2147520030,0),(597,6,'2019-10-31 06:23:15',2147520030,0),(598,71,'2019-10-31 07:04:47',2147520030,0),(599,12,'2019-10-31 07:32:32',2147520030,0),(600,6,'2019-10-31 08:01:22',2147520030,0),(601,6,'2019-10-31 08:01:29',2147520030,0),(602,33,'2019-10-31 09:08:38',2147520030,0),(603,24,'2019-10-31 16:05:37',2147520030,0),(604,71,'2019-10-31 16:07:12',2147520030,0),(605,24,'2019-10-31 16:18:57',2147520030,0),(606,56,'2019-10-31 16:39:23',2147520030,0),(607,55,'2019-10-31 16:39:28',2147520030,0),(608,15,'2019-10-31 19:19:34',2147520030,0),(609,15,'2019-10-31 19:22:59',2147520030,0),(610,71,'2019-10-31 20:24:20',2147520030,0),(611,78,'2019-10-31 20:39:17',2147520030,0),(612,55,'2019-10-31 20:43:00',2147520030,0),(613,40,'2019-10-31 20:46:01',2147520030,0),(614,55,'2019-10-31 20:46:55',2147520030,0),(615,56,'2019-10-31 20:48:36',2147520030,0),(616,78,'2019-10-31 21:07:50',2147520030,0),(617,42,'2019-10-31 21:44:30',2147520030,0),(618,71,'2019-11-01 00:10:44',2147520030,0),(619,71,'2019-11-01 00:14:25',2147520030,0),(620,71,'2019-11-01 03:06:56',2147520030,0),(621,24,'2019-11-01 17:03:14',2147520030,0),(622,71,'2019-11-01 17:24:36',2147520030,0),(623,33,'2019-11-01 17:29:37',2147520030,0),(624,31,'2019-11-01 17:50:48',2147520030,0),(625,6,'2019-11-01 17:57:11',2147520030,0),(626,26,'2019-11-01 21:18:07',2147520030,0),(627,12,'2019-11-01 22:21:24',2147520030,0),(628,6,'2019-11-01 22:23:49',2147520030,0),(629,40,'2019-11-01 22:27:00',2147520030,0),(630,25,'2019-11-01 22:32:38',2147520030,0),(631,71,'2019-11-01 22:52:52',2147520030,0),(632,54,'2019-11-01 23:38:02',2147520030,0),(633,54,'2019-11-02 15:46:34',2147520030,0),(634,16,'2019-11-02 17:49:29',2147520030,0),(635,6,'2019-11-03 00:17:52',2147520030,0),(636,55,'2019-11-03 01:33:48',2147520030,0),(637,55,'2019-11-03 01:46:48',2147520030,0),(638,40,'2019-11-03 01:55:55',2147520030,0),(639,56,'2019-11-03 02:13:58',2147520030,0),(640,80,'2019-11-03 02:20:00',2147520030,0),(641,6,'2019-11-03 15:51:02',2147520030,0),(642,66,'2019-11-03 16:07:15',2147520030,0),(643,6,'2019-11-03 16:22:24',2147520030,0),(644,66,'2019-11-03 16:22:50',2147520030,0),(645,66,'2019-11-03 16:23:01',2147520030,0),(646,54,'2019-11-03 20:28:14',2147520030,0),(647,54,'2019-11-03 20:31:11',2147520030,0),(648,55,'2019-11-05 07:54:18',2147520030,0),(649,56,'2019-11-05 07:55:19',2147520030,0),(650,14,'2019-11-05 07:56:14',2147520030,0),(651,44,'2019-11-05 07:58:34',2147520030,0),(652,45,'2019-11-05 10:02:45',2147520030,0),(653,56,'2019-11-05 14:24:22',2147520030,0),(654,56,'2019-11-05 14:25:00',2147520030,0),(655,56,'2019-11-05 16:53:35',2147520030,0),(656,40,'2019-11-05 17:03:05',2147520030,0),(657,70,'2019-11-05 17:12:24',2147520030,0),(658,14,'2019-11-05 18:32:33',2147520030,0),(659,71,'2019-11-05 18:54:28',2147520030,0),(660,56,'2019-11-05 18:57:27',2147520030,0),(661,6,'2019-11-05 19:25:30',2147520030,0),(662,70,'2019-11-05 19:25:52',2147520030,0),(663,33,'2019-11-05 19:26:36',2147520030,0),(664,6,'2019-11-05 20:19:02',2147520030,0),(665,21,'2019-11-05 20:52:07',2147520030,0),(666,56,'2019-11-06 03:19:00',2147520030,0),(667,56,'2019-11-06 03:51:25',2147520030,0),(668,44,'2019-11-06 08:54:07',2147520030,0),(669,44,'2019-11-06 08:59:47',2147520030,0),(670,74,'2019-11-06 19:22:28',2147520030,0),(671,31,'2019-11-06 19:24:34',2147520030,0),(672,56,'2019-11-06 20:33:05',2147520030,0),(673,6,'2019-11-06 21:08:38',2147520030,0),(674,78,'2019-11-06 22:24:52',2147520030,0),(675,78,'2019-11-06 22:42:12',2147520030,0),(676,40,'2019-11-06 23:16:34',2147520030,0),(677,33,'2019-11-06 23:27:43',2147520030,0),(678,14,'2019-11-06 23:29:06',2147520030,0),(679,40,'2019-11-07 00:33:52',2147520030,0),(680,78,'2019-11-07 01:44:49',2147520030,0),(681,12,'2019-11-07 03:53:01',2147520030,0),(682,43,'2019-11-07 05:20:06',2147520030,0),(683,33,'2019-11-07 06:07:10',2147520030,0),(684,6,'2019-11-07 07:45:34',2147520030,0),(685,40,'2019-11-07 07:47:15',2147520030,0),(686,44,'2019-11-07 09:37:41',2147520030,0),(687,56,'2019-11-07 10:20:59',2147520030,0),(688,19,'2019-11-07 10:52:31',2147520030,0),(689,9,'2019-11-07 11:22:49',2147520030,0),(690,15,'2019-11-07 11:23:41',2147520030,0),(691,78,'2019-11-07 13:37:41',2147520030,0),(692,78,'2019-11-07 14:01:38',2147520030,0),(693,6,'2019-11-07 14:24:29',2147520030,0),(694,78,'2019-11-07 14:44:42',2147520030,0),(695,40,'2019-11-07 20:39:43',2147520030,0),(696,74,'2019-11-07 20:41:05',2147520030,0),(697,71,'2019-11-07 21:55:07',2147520030,0),(698,33,'2019-11-07 22:01:58',2147520030,0),(699,71,'2019-11-07 22:28:25',2147520030,0),(700,40,'2019-11-07 22:54:25',2147520030,0),(701,71,'2019-11-08 00:47:01',2147520030,0),(702,44,'2019-11-08 08:41:16',2147520030,0),(703,50,'2019-11-08 09:08:45',2147520030,0),(704,40,'2019-11-08 09:13:45',2147520030,0),(705,78,'2019-11-08 09:23:10',2147520030,0),(706,40,'2019-11-08 09:24:43',2147520030,0),(707,11,'2019-11-08 10:17:24',2147520030,0),(708,6,'2019-11-08 10:39:15',2147520030,0),(709,11,'2019-11-08 11:05:41',2147520030,0),(710,44,'2019-11-08 12:11:38',866024664,0),(711,19,'2019-11-08 12:29:00',2147520030,0),(712,80,'2019-11-08 12:29:47',2147520030,0),(713,40,'2019-11-08 12:36:52',2147520030,0),(714,44,'2019-11-08 13:18:55',866024664,0),(715,6,'2019-11-08 13:19:44',866024664,0),(716,80,'2019-11-08 13:20:00',866024664,0),(717,40,'2019-11-08 13:23:49',866024664,0),(718,80,'2019-11-08 13:46:56',866024664,0),(719,54,'2019-11-08 13:47:45',866024664,0),(720,6,'2019-11-08 14:20:09',866024664,0),(721,65,'2019-11-08 19:34:47',866024664,0),(722,12,'2019-11-08 21:14:22',866024664,0),(723,13,'2019-11-08 21:32:30',866024664,0),(724,7,'2019-11-08 21:34:01',866024664,0),(725,71,'2019-11-09 03:10:28',866024664,0),(726,33,'2019-11-09 03:10:35',866024664,0),(727,72,'2019-11-09 03:17:12',866024664,0),(728,71,'2019-11-09 03:38:44',866024664,0),(729,61,'2019-11-09 04:03:49',866024664,0),(730,72,'2019-11-09 04:41:01',866024664,0),(731,40,'2019-11-09 04:45:03',866024664,0),(732,72,'2019-11-09 04:52:08',866024664,0),(733,71,'2019-11-09 04:59:10',866024664,0),(734,14,'2019-11-09 05:10:24',866024664,0),(735,72,'2019-11-09 05:32:53',866024664,0),(736,49,'2019-11-09 06:23:44',2147520030,0),(737,75,'2019-11-09 06:52:58',2147520030,0),(738,61,'2019-11-09 06:54:44',2147520030,0),(739,61,'2019-11-09 06:56:29',2147520030,0),(740,61,'2019-11-09 06:58:43',2147520030,0),(741,40,'2019-11-09 07:01:52',2147520030,0),(742,56,'2019-11-09 08:52:03',2147520030,0),(743,71,'2019-11-09 09:59:43',2147520030,0),(744,56,'2019-11-09 10:05:49',2147520030,0),(745,71,'2019-11-09 10:08:48',2147520030,0),(746,66,'2019-11-09 15:38:14',2147520030,0),(747,33,'2019-11-09 15:47:53',2147520030,0),(748,12,'2019-11-09 16:07:37',2147520030,0),(749,66,'2019-11-09 16:10:37',2147520030,0),(750,64,'2019-11-09 16:34:25',2147520030,0),(751,63,'2019-11-09 16:44:28',2147520030,0),(752,44,'2019-11-10 00:18:01',2147520030,0),(753,71,'2019-11-10 00:26:08',2147520030,0),(754,66,'2019-11-10 00:56:28',2147520030,0),(755,78,'2019-11-10 01:14:20',2147520030,0),(756,77,'2019-11-10 02:05:30',2147520030,0),(757,12,'2019-11-10 02:07:05',2147520030,0),(758,15,'2019-11-10 02:33:08',2147520030,0),(759,14,'2019-11-10 02:39:38',2147520030,0),(760,71,'2019-11-10 08:26:40',2147520030,0),(761,71,'2019-11-10 08:29:36',2147520030,0),(762,72,'2019-11-10 10:10:18',2147520030,0),(763,40,'2019-11-10 10:41:43',2147520030,0),(764,76,'2019-11-10 10:42:14',2147520030,0),(765,40,'2019-11-10 12:16:28',2147520030,0),(766,74,'2019-11-10 13:38:09',2147520030,0),(767,70,'2019-11-10 18:35:02',2147520030,0),(768,78,'2019-11-10 18:35:07',2147520030,0),(769,71,'2019-11-10 18:35:16',2147520030,0),(770,12,'2019-11-10 19:09:09',2147520030,0),(771,71,'2019-11-11 03:21:31',2147520030,0),(772,49,'2019-11-11 03:32:19',2147520030,0),(773,49,'2019-11-11 03:37:15',2147520030,0),(774,33,'2019-11-11 03:48:54',2147520030,0),(775,15,'2019-11-11 03:52:18',2147520030,0),(776,13,'2019-11-11 03:53:38',2147520030,0),(777,44,'2019-11-11 05:47:08',2147520030,0),(778,15,'2019-11-11 06:15:22',2147520030,0),(779,14,'2019-11-11 06:19:50',2147520030,0),(780,60,'2019-11-11 06:21:39',2147520030,0),(781,66,'2019-11-11 06:21:48',2147520030,0),(782,72,'2019-11-11 07:19:34',2147520030,0),(783,50,'2019-11-11 10:01:31',2147520030,0),(784,50,'2019-11-11 10:03:44',2147520030,0),(785,76,'2019-11-11 10:12:09',2147520030,0),(786,14,'2019-11-11 12:02:54',2147520030,0),(787,41,'2019-11-11 12:05:57',2147520030,0),(788,44,'2019-11-11 13:30:25',2147520030,0),(789,56,'2019-11-11 13:35:18',2147520030,0),(790,12,'2019-11-11 19:50:10',2147520030,0),(791,50,'2019-11-11 19:50:41',2147520030,0),(792,76,'2019-11-11 20:32:08',2147520030,0),(793,12,'2019-11-11 20:58:47',2147520030,0),(794,80,'2019-11-11 21:04:51',2147520030,0),(795,24,'2019-11-11 21:23:43',2147520030,0),(796,16,'2019-11-11 21:28:37',2147520030,0),(797,33,'2019-11-11 21:50:15',2147520030,0),(798,15,'2019-11-11 21:50:54',2147520030,0),(799,64,'2019-11-11 21:51:49',2147520030,0),(800,64,'2019-11-12 04:24:52',2147520030,0),(801,12,'2019-11-12 04:25:06',2147520030,0),(802,19,'2019-11-12 04:34:08',2147520030,0),(803,76,'2019-11-12 04:35:19',2147520030,0),(804,24,'2019-11-12 05:57:21',2147520030,0),(805,42,'2019-11-12 05:58:09',2147520030,0),(806,54,'2019-11-12 06:00:13',2147520030,0),(807,6,'2019-11-12 06:23:03',2147520030,0),(808,33,'2019-11-12 06:26:27',2147520030,0),(809,45,'2019-11-12 10:15:23',2147520030,0),(810,12,'2019-11-12 10:37:10',2147520030,0),(811,33,'2019-11-12 20:42:01',2147520030,0),(812,42,'2019-11-12 20:42:47',2147520030,0),(813,71,'2019-11-13 04:13:40',2147520030,0),(814,49,'2019-11-13 04:29:47',2147520030,0),(815,66,'2019-11-13 04:32:34',2147520030,0),(816,52,'2019-11-13 04:33:05',2147520030,0),(817,72,'2019-11-13 05:42:23',2147520030,0),(818,71,'2019-11-13 06:28:25',2147520030,0),(819,66,'2019-11-13 06:41:14',2147520030,0),(820,72,'2019-11-13 06:49:58',2147520030,0),(821,71,'2019-11-13 06:56:45',2147520030,0),(822,54,'2019-11-13 07:15:03',866024664,0),(823,66,'2019-11-13 07:32:44',866024664,0),(824,71,'2019-11-13 07:43:55',866024664,0),(825,12,'2019-11-13 08:16:50',866024664,0),(826,71,'2019-11-13 08:42:47',866024664,0),(827,66,'2019-11-13 09:30:26',866024664,0),(828,14,'2019-11-13 12:35:34',2147520030,0),(829,56,'2019-11-13 12:36:39',2147520030,0),(830,66,'2019-11-13 13:28:00',2147520030,0),(831,66,'2019-11-13 13:30:10',2147520030,0),(832,74,'2019-11-13 13:52:10',2147520030,0),(833,41,'2019-11-13 13:57:00',2147520030,0),(834,66,'2019-11-13 13:57:52',2147520030,0),(835,74,'2019-11-13 13:58:35',2147520030,0),(836,72,'2019-11-13 15:06:57',2147520030,0),(837,72,'2019-11-13 15:08:36',2147520030,0),(838,60,'2019-11-13 20:35:13',2147520030,0),(839,72,'2019-11-13 21:08:33',2147520030,0),(840,66,'2019-11-13 21:58:11',2147520030,0),(841,45,'2019-11-13 21:59:32',2147520030,0),(842,71,'2019-11-13 23:07:41',2147520030,0),(843,54,'2019-11-14 00:37:21',2147520030,0),(844,6,'2019-11-14 00:37:31',2147520030,0),(845,71,'2019-11-14 00:38:18',2147520030,0),(846,6,'2019-11-14 00:38:24',2147520030,0),(847,6,'2019-11-14 00:39:08',2147520030,0),(848,5,'2019-11-14 00:39:23',2147520030,0),(849,54,'2019-11-14 06:30:10',2147520030,0),(850,33,'2019-11-14 16:45:12',2147520030,0),(851,40,'2019-11-14 16:45:48',2147520030,0),(852,6,'2019-11-14 17:52:13',2147520030,0),(853,6,'2019-11-14 17:57:54',2147520030,0),(854,12,'2019-11-14 17:58:41',2147520030,0),(855,6,'2019-11-14 17:59:34',2147520030,0),(856,46,'2019-11-14 18:00:18',2147520030,0),(857,6,'2019-11-14 18:03:38',2147520030,0),(858,6,'2019-11-14 18:06:05',2147520030,0),(859,6,'2019-11-14 18:06:22',2147520030,0),(860,6,'2019-11-14 18:22:04',2147520030,0),(861,6,'2019-11-14 18:24:29',2147520030,0),(862,54,'2019-11-14 18:28:35',2147520030,0),(863,78,'2019-11-14 18:49:08',2147520030,0),(864,6,'2019-11-14 19:40:49',2147520030,0),(865,6,'2019-11-14 20:20:16',2147520030,0),(866,71,'2019-11-14 20:20:34',2147520030,0),(867,71,'2019-11-14 20:37:40',2147520030,0),(868,71,'2019-11-14 20:38:40',2147520030,0),(869,6,'2019-11-14 20:38:43',2147520030,0),(870,71,'2019-11-14 21:23:10',2147520030,0),(871,72,'2019-11-15 02:45:39',2147520030,0),(872,14,'2019-11-15 04:40:12',2147520030,0),(873,40,'2019-11-15 04:43:38',2147520030,0),(874,75,'2019-11-15 04:53:17',2147520030,0),(875,72,'2019-11-15 07:33:09',2147520030,0),(876,12,'2019-11-15 07:37:36',2147520030,0),(877,15,'2019-11-15 08:05:55',2147520030,0),(878,40,'2019-11-15 08:06:26',2147520030,0),(879,16,'2019-11-15 08:07:49',2147520030,0),(880,75,'2019-11-15 08:47:03',2147520030,0),(881,14,'2019-11-15 09:02:01',2147520030,0),(882,33,'2019-11-15 09:41:21',2147520030,0),(883,78,'2019-11-15 09:48:59',2147520030,0),(884,71,'2019-11-15 22:39:36',2147520030,0),(885,40,'2019-11-16 00:14:57',2147520030,0),(886,14,'2019-11-16 08:31:38',2147520030,0),(887,18,'2019-11-16 09:08:10',2147520030,0),(888,18,'2019-11-16 09:08:20',2147520030,0),(889,19,'2019-11-16 09:09:08',2147520030,0),(890,71,'2019-11-16 09:17:41',2147520030,0),(891,75,'2019-11-16 10:42:14',2147520030,0),(892,40,'2019-11-17 00:19:48',2147520030,0),(893,56,'2019-11-17 04:01:55',2147520030,0),(894,56,'2019-11-17 04:02:57',2147520030,0),(895,49,'2019-11-17 05:18:44',2147520030,0),(896,12,'2019-11-17 05:19:24',2147520030,0),(897,40,'2019-11-17 07:33:28',2147520030,0),(898,6,'2019-11-17 07:54:11',2147520030,0),(899,33,'2019-11-17 07:54:54',2147520030,0),(900,14,'2019-11-17 08:03:39',2147520030,0),(901,56,'2019-11-17 08:10:49',2147520030,0),(902,14,'2019-11-17 09:13:19',2147520030,0),(903,66,'2019-11-17 09:21:42',2147520030,0),(904,13,'2019-11-17 09:37:30',2147520030,0),(905,14,'2019-11-17 09:50:50',2147520030,0),(906,14,'2019-11-17 17:39:37',2147520030,0),(907,6,'2019-11-17 18:39:53',2147520030,0),(908,72,'2019-11-18 04:54:36',2147520030,0),(909,6,'2019-11-18 05:29:52',2147520030,0),(910,80,'2019-11-18 10:01:13',2147520030,0),(911,54,'2019-11-18 10:07:22',2147520030,0),(912,40,'2019-11-18 10:17:04',2147520030,0),(913,76,'2019-11-18 11:51:50',2147520030,0),(914,11,'2019-11-18 13:17:19',2147520030,0),(915,80,'2019-11-18 13:46:56',2147520030,0),(916,6,'2019-11-18 14:27:48',2147520030,0),(917,33,'2019-11-18 14:29:28',2147520030,0),(918,41,'2019-11-18 14:31:59',2147520030,0),(919,6,'2019-11-18 15:03:40',2147520030,0),(920,74,'2019-11-18 15:06:03',2147520030,0),(921,40,'2019-11-18 16:58:19',2147520030,0),(922,6,'2019-11-18 23:24:38',2147520030,0),(923,33,'2019-11-18 23:29:44',2147520030,0),(924,6,'2019-11-19 05:52:52',2147520030,0),(925,80,'2019-11-19 05:53:15',2147520030,0),(926,31,'2019-11-19 06:46:54',2147520030,0),(927,12,'2019-11-19 07:15:41',2147520030,0),(928,6,'2019-11-19 07:21:15',2147520030,0),(929,74,'2019-11-19 07:21:59',2147520030,0),(930,6,'2019-11-19 07:55:45',2147520030,0),(931,74,'2019-11-19 07:55:50',2147520030,0),(932,6,'2019-11-19 08:10:52',2147520030,0),(933,49,'2019-11-19 08:37:16',2147520030,0),(934,71,'2019-11-19 09:22:01',2147520030,0),(935,65,'2019-11-19 09:47:16',2147520030,0),(936,56,'2019-11-19 10:16:59',2147520030,0),(937,12,'2019-11-19 10:24:04',2147520030,0),(938,56,'2019-11-19 10:36:12',2147520030,0),(939,56,'2019-11-19 10:37:35',2147520030,0),(940,44,'2019-11-19 10:41:39',2147520030,0),(941,14,'2019-11-19 11:09:27',2147520030,0),(942,13,'2019-11-19 11:13:26',2147520030,0),(943,64,'2019-11-19 11:27:06',2147520030,0),(944,49,'2019-11-19 12:06:27',2147520030,0),(945,72,'2019-11-19 12:15:30',2147520030,0),(946,71,'2019-11-19 12:21:41',2147520030,0),(947,64,'2019-11-19 13:08:48',2147520030,0),(948,64,'2019-11-19 13:30:44',2147520030,0),(949,74,'2019-11-19 13:57:17',2147520030,0),(950,31,'2019-11-19 13:57:38',2147520030,0),(951,64,'2019-11-19 14:02:00',2147520030,0),(952,74,'2019-11-19 14:06:54',2147520030,0),(953,6,'2019-11-19 14:10:38',2147520030,0),(954,64,'2019-11-19 16:25:17',2147520030,0),(955,77,'2019-11-19 16:26:53',2147520030,0),(956,77,'2019-11-19 17:58:52',2147520030,0),(957,13,'2019-11-20 04:30:06',2147520030,0),(958,3,'2019-11-20 04:32:06',2147520030,0),(959,6,'2019-11-20 04:43:16',2147520030,0),(960,77,'2019-11-20 04:43:35',2147520030,0),(961,71,'2019-11-20 06:30:49',2147520030,0),(962,56,'2019-11-20 07:24:11',2147520030,0),(963,77,'2019-11-20 08:08:29',2147520030,0),(964,77,'2019-11-20 08:41:01',2147520030,0),(965,12,'2019-11-20 08:44:04',2147520030,0),(966,14,'2019-11-20 08:45:50',2147520030,0),(967,66,'2019-11-20 08:50:53',2147520030,0),(968,64,'2019-11-20 08:51:23',2147520030,0),(969,80,'2019-11-20 08:56:04',2147520030,0),(970,56,'2019-11-20 10:06:03',2147520030,0),(971,41,'2019-11-20 12:51:57',2147520030,0),(972,41,'2019-11-20 13:14:54',2147520030,0),(973,12,'2019-11-20 13:16:29',2147520030,0),(974,64,'2019-11-20 13:37:55',2147520030,0),(975,66,'2019-11-20 13:38:34',2147520030,0),(976,77,'2019-11-20 14:30:12',2147520030,0),(977,31,'2019-11-20 14:42:42',2147520030,0),(978,41,'2019-11-20 14:46:59',2147520030,0),(979,24,'2019-11-20 15:00:53',2147520030,0),(980,80,'2019-11-20 15:02:24',2147520030,0),(981,33,'2019-11-20 15:06:03',2147520030,0),(982,15,'2019-11-20 15:06:44',2147520030,0),(983,39,'2019-11-20 15:26:58',2147520030,0),(984,78,'2019-11-20 16:38:02',2147520030,0),(985,80,'2019-11-21 03:36:02',2147520030,0),(986,31,'2019-11-21 03:43:34',2147520030,0),(987,31,'2019-11-21 04:57:55',2147520030,0),(988,76,'2019-11-21 05:46:25',2147520030,0),(989,12,'2019-11-21 06:55:17',2147520030,0),(990,71,'2019-11-21 07:01:16',2147520030,0),(991,31,'2019-11-21 07:12:30',2147520030,0),(992,52,'2019-11-21 08:20:22',2147520030,0),(993,54,'2019-11-21 08:32:13',2147520030,0),(994,12,'2019-11-21 08:35:09',2147520030,0),(995,9,'2019-11-21 08:35:32',2147520030,0),(996,15,'2019-11-21 08:50:18',2147520030,0),(997,33,'2019-11-21 08:59:30',2147520030,0),(998,41,'2019-11-21 10:14:05',2147520030,0),(999,12,'2019-11-21 11:30:31',2147520030,0),(1000,74,'2019-11-21 11:42:04',2147520030,0),(1001,31,'2019-11-21 11:42:10',2147520030,0),(1002,64,'2019-11-21 12:30:47',2147520030,0),(1003,31,'2019-11-21 12:31:25',2147520030,0),(1004,76,'2019-11-22 04:34:55',2147520030,0),(1005,31,'2019-11-22 04:34:57',2147520030,0),(1006,31,'2019-11-22 05:32:37',2147520030,0),(1007,44,'2019-11-22 07:07:22',2147520030,0),(1008,45,'2019-11-22 07:09:01',2147520030,0),(1009,60,'2019-11-22 07:14:09',2147520030,0),(1010,66,'2019-11-22 07:14:21',2147520030,0),(1011,39,'2019-11-22 07:20:23',2147520030,0),(1012,49,'2019-11-22 07:41:44',2147520030,0),(1013,22,'2019-11-22 08:09:56',2147520030,0),(1014,5,'2019-11-22 08:12:02',2147520030,0),(1015,12,'2019-11-22 08:13:04',2147520030,0),(1016,33,'2019-11-22 09:42:00',2147520030,0),(1017,12,'2019-11-22 09:43:02',2147520030,0),(1018,72,'2019-11-22 10:25:04',2147520030,0),(1019,76,'2019-11-22 10:45:26',2147520030,0),(1020,77,'2019-11-22 11:55:34',2147520030,0),(1021,9,'2019-11-22 11:57:12',2147520030,0),(1022,73,'2019-11-22 13:52:35',2147520030,0),(1023,76,'2019-11-22 14:13:14',2147520030,0),(1024,41,'2019-11-22 15:15:55',2147520030,0),(1025,6,'2019-11-22 15:23:08',2147520030,0),(1026,78,'2019-11-22 16:06:19',2147520030,0),(1027,76,'2019-11-22 16:20:03',2147520030,0),(1028,71,'2019-11-22 17:51:52',2147520030,0),(1029,50,'2019-11-22 18:04:30',2147520030,0),(1030,71,'2019-11-22 18:10:03',2147520030,0),(1031,40,'2019-11-22 18:24:07',2147520030,0),(1032,13,'2019-11-22 18:25:22',2147520030,0),(1033,31,'2019-11-22 18:44:16',2147520030,0),(1034,11,'2019-11-23 03:55:11',2147520030,0),(1035,71,'2019-11-23 04:17:32',2147520030,0),(1036,54,'2019-11-23 04:24:51',2147520030,0),(1037,65,'2019-11-23 04:25:08',2147520030,0),(1038,80,'2019-11-23 05:02:13',2147520030,0),(1039,71,'2019-11-23 05:02:55',2147520030,0),(1040,74,'2019-11-23 08:57:47',2147520030,0),(1041,71,'2019-11-23 12:13:37',2147520030,0),(1042,65,'2019-11-23 12:38:57',2147520030,0),(1043,33,'2019-11-23 12:58:05',2147520030,0),(1044,6,'2019-11-23 13:02:53',2147520030,0),(1045,66,'2019-11-23 15:04:53',2147520030,0),(1046,72,'2019-11-23 18:37:25',2147520030,0),(1047,54,'2019-11-23 19:25:45',2147520030,0),(1048,54,'2019-11-23 20:06:37',2147520030,0),(1049,64,'2019-11-23 22:14:57',2147520030,0),(1050,76,'2019-11-23 23:40:59',2147520030,0),(1051,76,'2019-11-23 23:51:46',2147520030,0),(1052,12,'2019-11-23 23:57:13',2147520030,0),(1053,15,'2019-11-23 23:57:46',2147520030,0),(1054,15,'2019-11-24 00:03:05',2147520030,0),(1055,6,'2019-11-24 00:06:24',2147520030,0),(1056,71,'2019-11-24 00:29:13',2147520030,0),(1057,40,'2019-11-24 07:40:30',2147520030,0),(1058,66,'2019-11-24 14:19:10',2147520030,0),(1059,6,'2019-11-24 14:50:13',2147520030,0),(1060,74,'2019-11-24 15:23:48',2147520030,0),(1061,6,'2019-11-24 16:36:42',2147520030,0),(1062,7,'2019-11-24 16:52:46',2147520030,0),(1063,7,'2019-11-24 17:32:32',2147520030,0),(1064,6,'2019-11-24 17:33:02',2147520030,0),(1065,25,'2019-11-24 17:38:10',2147520030,0),(1066,12,'2019-11-24 17:42:41',2147520030,0),(1067,6,'2019-11-25 11:33:12',2147520030,0),(1068,77,'2019-11-25 11:36:19',2147520030,0),(1069,14,'2019-11-25 12:06:38',2147520030,0),(1070,44,'2019-11-25 12:26:40',2147520030,0),(1071,41,'2019-11-25 14:05:41',2147520030,0),(1072,84,'2019-11-25 14:08:14',2147520030,0),(1073,81,'2019-11-25 14:08:17',2147520030,0),(1074,85,'2019-11-25 14:08:20',2147520030,0),(1075,44,'2019-11-25 14:12:46',2147520030,0),(1076,44,'2019-11-25 14:16:12',2147520030,0),(1077,85,'2019-11-25 14:32:11',2147520030,0),(1078,83,'2019-11-25 14:35:29',2147520030,0),(1079,82,'2019-11-25 14:35:42',2147520030,0),(1080,85,'2019-11-25 15:09:32',2147520030,0),(1081,84,'2019-11-25 15:10:10',2147520030,0),(1082,82,'2019-11-25 15:10:12',2147520030,0),(1083,83,'2019-11-25 15:10:17',2147520030,0),(1084,83,'2019-11-25 15:10:32',2147520030,0),(1085,24,'2019-11-25 15:12:21',2147520030,0),(1086,54,'2019-11-25 15:13:34',2147520030,0),(1087,82,'2019-11-25 15:23:25',2147520030,0),(1088,86,'2019-11-25 15:25:41',2147520030,0),(1089,86,'2019-11-25 15:44:56',2147520030,0),(1090,86,'2019-11-25 15:46:28',2147520030,0),(1091,86,'2019-11-25 15:47:40',2147520030,0),(1092,85,'2019-11-25 15:58:50',2147520030,0),(1093,81,'2019-11-25 15:58:53',2147520030,0),(1094,81,'2019-11-25 15:59:28',2147520030,0),(1095,85,'2019-11-25 18:49:21',2147520030,0),(1096,44,'2019-11-25 18:49:56',2147520030,0),(1097,14,'2019-11-25 18:53:08',2147520030,0),(1098,11,'2019-11-25 18:53:17',2147520030,0),(1099,85,'2019-11-25 19:30:03',2147520030,0),(1100,81,'2019-11-25 19:30:07',2147520030,0),(1101,85,'2019-11-25 19:54:05',2147520030,0),(1102,81,'2019-11-25 19:54:09',2147520030,0),(1103,56,'2019-11-25 19:54:34',2147520030,0),(1104,81,'2019-11-25 19:55:31',2147520030,0),(1105,85,'2019-11-25 19:55:34',2147520030,0),(1106,83,'2019-11-25 19:55:40',2147520030,0),(1107,42,'2019-11-25 19:56:37',2147520030,0),(1108,86,'2019-11-25 20:08:58',2147520030,0),(1109,81,'2019-11-25 20:09:56',2147520030,0),(1110,14,'2019-11-25 20:13:10',2147520030,0),(1111,56,'2019-11-25 20:18:11',2147520030,0),(1112,40,'2019-11-25 20:26:18',2147520030,0),(1113,14,'2019-11-25 20:43:00',2147520030,0),(1114,83,'2019-11-25 20:44:54',2147520030,0),(1115,85,'2019-11-25 20:45:51',2147520030,0),(1116,78,'2019-11-25 20:47:12',2147520030,0),(1117,86,'2019-11-25 20:58:34',2147520030,0),(1118,86,'2019-11-25 21:12:36',2147520030,0),(1119,86,'2019-11-25 21:16:00',2147520030,0),(1120,14,'2019-11-25 21:46:10',2147520030,0),(1121,40,'2019-11-25 21:52:50',2147520030,0),(1122,86,'2019-11-25 22:01:37',2147520030,0),(1123,81,'2019-11-26 08:26:28',3232235778,0),(1124,40,'2019-11-26 08:28:33',3232235778,0),(1125,40,'2019-11-26 08:29:13',3232235778,0),(1126,82,'2019-11-26 08:30:39',3232235778,0),(1127,14,'2019-11-26 08:30:48',3232235778,0),(1128,84,'2019-11-26 09:02:50',3232235778,0),(1129,84,'2019-11-26 09:03:48',3232235778,0),(1130,71,'2019-11-26 09:30:33',3232235778,0),(1131,14,'2019-11-26 09:35:47',3232235778,0),(1132,40,'2019-11-26 10:15:02',3232235778,0),(1133,75,'2019-11-26 10:22:43',3232235778,0),(1134,72,'2019-11-26 10:32:34',3232235778,0),(1135,64,'2019-11-26 10:34:35',3232235778,0),(1136,69,'2019-11-26 10:37:00',3232235778,0),(1137,61,'2019-11-26 10:38:49',3232235778,0),(1138,82,'2019-11-26 10:39:23',3232235778,0),(1139,87,'2019-11-26 10:42:09',3232235778,0),(1140,82,'2019-11-26 10:58:36',3232235778,0),(1141,85,'2019-11-26 10:58:41',3232235778,0),(1142,81,'2019-11-26 10:58:45',3232235778,0),(1143,40,'2019-11-26 10:59:06',3232235778,0),(1144,84,'2019-11-26 10:59:53',3232235778,0),(1145,87,'2019-11-26 10:59:56',3232235778,0),(1146,83,'2019-11-26 10:59:59',3232235778,0),(1147,76,'2019-11-26 11:01:15',3232235778,0),(1148,33,'2019-11-26 14:27:19',3232235778,0),(1149,78,'2019-11-26 14:33:39',3232235778,0),(1150,72,'2019-11-26 14:59:18',3232235778,0),(1151,42,'2019-11-26 15:05:50',3232235778,0),(1152,66,'2019-11-26 15:06:46',3232235778,0),(1153,42,'2019-11-26 16:18:28',3232235778,0),(1154,71,'2019-11-26 17:50:01',3232235778,0),(1155,71,'2019-11-26 17:59:10',3232235778,0),(1156,76,'2019-11-26 18:21:47',3232235778,0),(1157,71,'2019-11-26 18:30:28',3232235778,0),(1158,33,'2019-11-26 19:32:45',3232235778,0),(1159,15,'2019-11-26 20:20:45',3232235778,0),(1160,24,'2019-11-26 21:09:55',3232235778,0),(1161,80,'2019-11-26 21:11:09',3232235778,0),(1162,24,'2019-11-26 21:12:18',3232235778,0),(1163,20,'2019-11-26 22:01:10',3232235778,0),(1164,77,'2019-11-26 22:43:58',3232235778,0),(1165,6,'2019-11-26 22:44:36',3232235778,0),(1166,86,'2019-11-26 22:57:53',3232235778,0),(1167,35,'2019-11-26 22:57:57',3232235778,0),(1168,40,'2019-11-26 22:58:24',3232235778,0),(1169,76,'2019-11-27 10:18:05',3232235778,0),(1170,6,'2019-11-27 10:21:32',3232235778,0),(1171,49,'2019-11-27 10:26:08',3232235778,0),(1172,35,'2019-11-27 10:41:52',3232235778,0),(1173,40,'2019-11-27 11:15:48',3232235778,0),(1174,41,'2019-11-27 17:52:52',3232235778,0),(1175,44,'2019-11-27 18:03:43',3232235778,0),(1176,40,'2019-11-27 18:39:03',3232235778,0),(1177,85,'2019-11-27 19:03:28',3232235778,0),(1178,82,'2019-11-27 19:04:48',3232235778,0),(1179,40,'2019-11-27 19:17:55',3232235778,0),(1180,77,'2019-11-27 19:41:03',3232235778,0),(1181,54,'2019-11-27 19:41:53',3232235778,0),(1182,44,'2019-11-27 19:58:55',3232235778,0),(1183,14,'2019-11-27 20:01:41',3232235778,0),(1184,6,'2019-11-27 20:31:51',3232235778,0),(1185,72,'2019-11-27 21:40:15',3232235778,0),(1186,85,'2019-11-27 21:43:23',3232235778,0),(1187,81,'2019-11-27 22:02:35',3232235778,0),(1188,85,'2019-11-27 22:02:39',3232235778,0),(1189,50,'2019-11-27 22:35:39',3232235778,0),(1190,85,'2019-11-27 22:54:27',3232235778,0),(1191,85,'2019-11-27 23:03:01',3232235778,0),(1192,47,'2019-11-27 23:32:53',3232235778,0),(1193,77,'2019-11-27 23:53:06',3232235778,0),(1194,40,'2019-11-27 23:58:55',3232235778,0),(1195,40,'2019-11-28 00:03:46',3232235778,0),(1196,77,'2019-11-28 10:10:56',3232235778,0),(1197,40,'2019-11-28 10:21:57',3232235778,0),(1198,40,'2019-11-28 10:51:01',3232235778,0),(1199,77,'2019-11-28 12:49:44',3232235778,0),(1200,33,'2019-11-28 13:14:15',3232235778,0),(1201,50,'2019-11-28 13:16:19',3232235778,0),(1202,33,'2019-11-28 13:58:21',3232235778,0),(1203,77,'2019-11-28 14:22:11',3232235778,0),(1204,85,'2019-11-28 15:04:49',3232235778,0),(1205,77,'2019-11-28 15:21:40',3232235778,0),(1206,54,'2019-11-28 15:26:03',3232235778,0),(1207,12,'2019-11-28 15:26:19',3232235778,0),(1208,6,'2019-11-28 15:49:41',3232235778,0),(1209,85,'2019-11-28 16:31:16',3232235778,0),(1210,87,'2019-11-28 17:31:35',3232235778,0),(1211,47,'2019-11-28 19:00:32',3232235778,0),(1212,85,'2019-11-28 19:07:25',3232235778,0),(1213,18,'2019-11-28 19:08:21',3232235778,0),(1214,77,'2019-11-28 19:08:31',3232235778,0),(1215,33,'2019-11-28 19:26:46',3232235778,0),(1216,83,'2019-11-28 19:27:21',3232235778,0),(1217,82,'2019-11-28 19:54:20',3232235778,0),(1218,87,'2019-11-28 19:55:12',3232235778,0),(1219,14,'2019-11-28 19:57:29',3232235778,0),(1220,47,'2019-11-28 20:44:15',3232235778,0),(1221,50,'2019-11-28 22:14:19',3232235778,0),(1222,40,'2019-11-28 22:34:55',3232235778,0),(1223,47,'2019-11-29 10:05:28',3232235778,0),(1224,26,'2019-11-29 10:09:03',3232235778,0),(1225,40,'2019-11-29 10:27:22',3232235778,0),(1226,56,'2019-11-29 14:13:16',3232235778,0),(1227,56,'2019-11-29 16:12:47',3232235778,0),(1228,71,'2019-11-30 10:58:16',3232235778,0),(1229,71,'2019-11-30 10:58:48',3232235778,0),(1230,42,'2019-11-30 16:47:04',3232235778,0),(1231,15,'2019-11-30 16:48:40',3232235778,0),(1232,16,'2019-11-30 16:51:34',3232235778,0),(1233,13,'2019-11-30 16:55:01',3232235778,0),(1234,83,'2019-11-30 17:08:02',3232235778,0),(1235,31,'2019-11-30 17:43:21',3232235778,0),(1236,31,'2019-11-30 18:03:01',3232235778,0),(1237,83,'2019-11-30 18:03:11',3232235778,0),(1238,83,'2019-12-01 14:27:50',3232235778,0),(1239,49,'2019-12-01 14:33:31',3232235778,0),(1240,18,'2019-12-01 14:35:01',3232235778,0),(1241,18,'2019-12-01 14:36:08',3232235778,0),(1242,41,'2019-12-01 15:04:45',3232235778,0),(1243,82,'2019-12-01 15:06:38',3232235778,0),(1244,24,'2019-12-01 15:33:55',3232235778,0),(1245,80,'2019-12-01 15:36:54',3232235778,0),(1246,33,'2019-12-01 15:40:51',3232235778,0),(1247,77,'2019-12-01 19:56:43',3232235778,0),(1248,80,'2019-12-01 20:24:46',3232235778,0),(1249,72,'2019-12-01 23:15:02',3232235778,0),(1250,5,'2019-12-02 00:32:16',3232235778,0),(1251,12,'2019-12-02 00:34:37',3232235778,0),(1252,41,'2019-12-02 01:09:01',3232235778,0),(1253,18,'2019-12-02 02:12:50',3232235778,0),(1254,33,'2019-12-02 10:05:24',3232235778,0),(1255,14,'2019-12-02 10:35:07',3232235778,0),(1256,12,'2019-12-02 13:03:05',3232235778,0),(1257,12,'2019-12-02 15:03:47',3232235778,0),(1258,18,'2019-12-02 16:17:01',3232235778,0),(1259,21,'2019-12-02 17:40:56',3232235778,0),(1260,74,'2019-12-02 18:58:24',3232235778,0),(1261,46,'2019-12-02 19:00:50',3232235778,0),(1262,53,'2019-12-02 20:20:59',3232235778,0),(1263,74,'2019-12-02 20:24:19',3232235778,0),(1264,77,'2019-12-02 20:36:17',3232235778,0),(1265,6,'2019-12-02 20:37:35',3232235778,0),(1266,77,'2019-12-02 20:42:29',3232235778,0),(1267,6,'2019-12-02 22:14:14',3232235778,0),(1268,77,'2019-12-03 00:14:54',3232235778,0),(1269,15,'2019-12-03 10:10:37',3232235778,0),(1270,77,'2019-12-03 10:48:51',3232235778,0),(1271,77,'2019-12-03 12:22:33',3232235778,0),(1272,74,'2019-12-03 12:25:59',3232235778,0),(1273,66,'2019-12-03 12:37:07',3232235778,0),(1274,40,'2019-12-03 12:44:38',3232235778,0),(1275,71,'2019-12-03 13:05:21',3232235778,0),(1276,40,'2019-12-03 13:06:07',3232235778,0),(1277,50,'2019-12-03 13:07:06',3232235778,0),(1278,41,'2019-12-03 13:39:35',3232235778,0),(1279,50,'2019-12-03 13:46:47',3232235778,0),(1280,50,'2019-12-03 14:02:56',3232235778,0),(1281,41,'2019-12-03 16:10:34',3232235778,0),(1282,41,'2019-12-03 16:41:29',3232235778,0),(1283,56,'2019-12-03 18:08:37',3232235778,0),(1284,56,'2019-12-03 18:24:41',3232235778,0),(1285,40,'2019-12-03 18:29:26',3232235778,0),(1286,56,'2019-12-03 18:40:36',3232235778,0),(1287,85,'2019-12-03 18:41:19',3232235778,0),(1288,81,'2019-12-03 18:41:21',3232235778,0),(1289,40,'2019-12-03 18:51:38',3232235778,0),(1290,14,'2019-12-03 19:11:56',3232235778,0),(1291,44,'2019-12-03 19:15:47',3232235778,0),(1292,40,'2019-12-03 19:40:52',3232235778,0),(1293,14,'2019-12-03 20:26:53',3232235778,0),(1294,78,'2019-12-03 20:29:04',3232235778,0),(1295,75,'2019-12-03 20:55:44',3232235778,0),(1296,41,'2019-12-04 13:37:37',2147520030,0),(1297,41,'2019-12-04 14:24:20',2147520030,0),(1298,41,'2019-12-04 14:37:40',2147520030,0),(1299,12,'2019-12-04 14:53:54',2147520030,0),(1300,36,'2019-12-04 15:01:46',2147520030,0),(1301,41,'2019-12-04 15:01:58',2147520030,0),(1302,6,'2019-12-04 15:34:25',2147520030,0),(1303,77,'2019-12-04 15:37:27',2147520030,0),(1304,41,'2019-12-04 18:33:22',2147520030,0),(1305,66,'2019-12-04 22:35:00',2147520030,0),(1306,6,'2019-12-04 22:47:00',2147520030,0),(1307,12,'2019-12-05 07:41:50',2147520030,0),(1308,6,'2019-12-05 08:10:21',2147520030,0),(1309,19,'2019-12-05 08:15:12',2147520030,0),(1310,77,'2019-12-05 08:22:27',2147520030,0),(1311,77,'2019-12-05 09:04:39',2147520030,0),(1312,77,'2019-12-05 09:05:40',2147520030,0),(1313,33,'2019-12-05 10:01:45',2147520030,0),(1314,87,'2019-12-05 10:06:31',2147520030,0),(1315,74,'2019-12-05 10:15:26',2147520030,0),(1316,6,'2019-12-05 10:26:27',2147520030,0),(1317,52,'2019-12-05 10:35:22',2147520030,0),(1318,65,'2019-12-05 11:22:05',2147520030,0),(1319,41,'2019-12-05 13:41:35',2147520030,0),(1320,26,'2019-12-05 14:18:29',2147520030,0),(1321,49,'2019-12-05 14:24:52',2147520030,0),(1322,77,'2019-12-05 14:25:41',2147520030,0),(1323,12,'2019-12-05 16:40:43',2147520030,0),(1324,25,'2019-12-05 16:41:37',2147520030,0),(1325,25,'2019-12-05 16:59:12',2147520030,0),(1326,77,'2019-12-05 18:35:22',2147520030,0),(1327,6,'2019-12-05 18:37:05',2147520030,0),(1328,9,'2019-12-05 18:37:53',2147520030,0),(1329,6,'2019-12-05 19:13:21',2147520030,0),(1330,33,'2019-12-05 20:12:29',2147520030,0),(1331,83,'2019-12-05 20:14:16',2147520030,0),(1332,50,'2019-12-06 08:20:54',2147520030,0),(1333,40,'2019-12-06 12:01:45',2147520030,0),(1334,65,'2019-12-06 12:04:09',2147520030,0),(1335,12,'2019-12-06 12:07:14',2147520030,0),(1336,12,'2019-12-06 12:07:28',2147520030,0),(1337,41,'2019-12-06 12:14:45',2147520030,0),(1338,6,'2019-12-06 13:00:26',2147520030,0),(1339,77,'2019-12-06 13:00:47',2147520030,0),(1340,74,'2019-12-06 13:43:54',2147520030,0),(1341,46,'2019-12-06 15:18:31',2147520030,0),(1342,46,'2019-12-06 15:57:06',2147520030,0),(1343,41,'2019-12-06 15:57:12',2147520030,0),(1344,50,'2019-12-06 18:31:32',2147520030,0),(1345,35,'2019-12-07 09:25:07',2147520030,0),(1346,12,'2019-12-07 10:10:19',2147520030,0),(1347,85,'2019-12-07 12:30:42',2147520030,0),(1348,12,'2019-12-07 17:42:29',2147520030,0),(1349,14,'2019-12-08 10:16:19',2147520030,0),(1350,85,'2019-12-08 11:38:56',2147520030,0),(1351,40,'2019-12-08 12:11:34',2147520030,0),(1352,74,'2019-12-08 12:16:31',2147520030,0),(1353,6,'2019-12-08 12:32:41',2147520030,0),(1354,21,'2019-12-08 14:09:07',2147520030,0),(1355,51,'2019-12-08 14:14:07',2147520030,0),(1356,43,'2019-12-08 16:06:42',2147520030,0),(1357,12,'2019-12-08 16:09:34',2147520030,0),(1358,5,'2019-12-08 16:09:59',2147520030,0),(1359,41,'2019-12-09 14:10:22',2147520030,0),(1360,6,'2019-12-10 07:37:15',2147520030,0),(1361,12,'2019-12-10 07:38:48',2147520030,0),(1362,6,'2019-12-10 08:56:17',2147520030,0),(1363,6,'2019-12-10 10:05:41',2147520030,0),(1364,41,'2019-12-10 16:20:00',2147520030,0),(1365,6,'2019-12-10 18:01:01',2147520030,0),(1366,33,'2019-12-10 19:09:45',2147520030,0),(1367,13,'2019-12-10 19:10:34',2147520030,0),(1368,54,'2019-12-10 21:20:45',2147520030,0),(1369,40,'2019-12-11 09:20:31',2147520030,0),(1370,6,'2019-12-11 09:57:41',2147520030,0),(1371,12,'2019-12-11 10:15:50',2147520030,0),(1372,66,'2019-12-11 10:18:17',2147520030,0),(1373,41,'2019-12-11 11:37:33',2147520030,0),(1374,41,'2019-12-11 11:42:16',2147520030,0),(1375,72,'2019-12-11 12:17:16',2147520030,0),(1376,38,'2019-12-11 12:19:37',2147520030,0),(1377,38,'2019-12-11 12:22:12',2147520030,0),(1378,41,'2019-12-11 12:41:05',2147520030,0),(1379,41,'2019-12-11 13:44:51',2147520030,0),(1380,16,'2019-12-12 11:06:52',2147520030,0),(1381,16,'2019-12-12 11:08:31',2147520030,0),(1382,13,'2019-12-12 11:45:18',2147520030,0),(1383,6,'2019-12-12 13:30:06',2147520030,0),(1384,40,'2019-12-12 18:38:34',2147520030,0),(1385,6,'2019-12-12 18:38:50',2147520030,0),(1386,24,'2019-12-12 18:52:50',2147520030,0),(1387,54,'2019-12-13 05:35:47',2147520030,0),(1388,24,'2019-12-13 06:14:34',2147520030,0),(1389,24,'2019-12-13 06:15:35',2147520030,0),(1390,12,'2019-12-13 08:31:14',2147520030,0),(1391,71,'2019-12-13 11:09:06',2147520030,0),(1392,71,'2019-12-13 11:16:17',2147520030,0),(1393,26,'2019-12-13 11:18:38',2147520030,0),(1394,6,'2019-12-13 12:08:53',2147520030,0),(1395,49,'2019-12-13 14:58:47',2147520030,0),(1396,56,'2019-12-14 11:00:52',2147520030,0),(1397,74,'2019-12-14 13:07:50',2147520030,0),(1398,11,'2019-12-14 15:17:32',2147520030,0),(1399,31,'2019-12-14 15:26:38',2147520030,0),(1400,49,'2019-12-14 15:47:50',2147520030,0),(1401,33,'2019-12-14 15:48:15',2147520030,0),(1402,6,'2019-12-14 15:49:08',2147520030,0),(1403,40,'2019-12-14 19:11:09',2147520030,0),(1404,40,'2019-12-14 19:23:21',2147520030,0),(1405,87,'2019-12-14 19:25:34',2147520030,0),(1406,87,'2019-12-14 19:26:24',2147520030,0),(1407,14,'2019-12-14 19:27:19',2147520030,0),(1408,40,'2019-12-14 19:29:10',2147520030,0),(1409,87,'2019-12-14 19:47:11',2147520030,0),(1410,14,'2019-12-14 19:53:33',2147520030,0),(1411,87,'2019-12-14 20:27:49',2147520030,0),(1412,25,'2019-12-14 20:56:47',2147520030,0),(1413,25,'2019-12-14 20:58:53',2147520030,0),(1414,26,'2019-12-14 21:02:22',2147520030,0),(1415,15,'2019-12-14 21:08:45',2147520030,0),(1416,16,'2019-12-14 21:10:14',2147520030,0),(1417,87,'2019-12-14 21:52:03',2147520030,0),(1418,40,'2019-12-14 21:52:20',2147520030,0),(1419,14,'2019-12-14 21:55:09',2147520030,0),(1420,40,'2019-12-14 21:57:28',2147520030,0),(1421,40,'2019-12-15 10:04:15',2147520030,0),(1422,33,'2019-12-15 10:04:32',2147520030,0),(1423,16,'2019-12-15 10:28:21',2147520030,0),(1424,49,'2019-12-15 11:09:34',2147520030,0),(1425,54,'2019-12-15 11:52:33',2147520030,0),(1426,54,'2019-12-15 12:33:52',2147520030,0),(1427,40,'2019-12-15 15:47:40',2147520030,0),(1428,77,'2019-12-15 16:29:31',2147520030,0),(1429,6,'2019-12-15 16:30:29',2147520030,0),(1430,40,'2019-12-15 16:30:53',2147520030,0),(1431,40,'2019-12-15 16:38:29',2147520030,0),(1432,77,'2019-12-15 16:45:56',2147520030,0),(1433,6,'2019-12-15 17:03:20',2147520030,0),(1434,77,'2019-12-15 17:03:36',2147520030,0),(1435,54,'2019-12-15 20:06:22',2147520030,0),(1436,40,'2019-12-15 20:31:03',2147520030,0),(1437,78,'2019-12-15 20:35:33',2147520030,0),(1438,85,'2019-12-15 20:49:23',2147520030,0),(1439,56,'2019-12-15 22:10:02',2147520030,0),(1440,56,'2019-12-15 22:29:42',2147520030,0),(1441,40,'2019-12-15 23:51:19',2147520030,0),(1442,78,'2019-12-15 23:59:58',2147520030,0),(1443,56,'2019-12-16 00:54:08',2147520030,0),(1444,40,'2019-12-16 00:55:49',2147520030,0),(1445,85,'2019-12-16 01:07:46',2147520030,0),(1446,56,'2019-12-16 01:16:46',2147520030,0),(1447,56,'2019-12-16 01:19:45',2147520030,0),(1448,13,'2019-12-16 01:22:47',2147520030,0),(1449,53,'2019-12-16 01:22:59',2147520030,0),(1450,78,'2019-12-16 01:31:43',2147520030,0),(1451,83,'2019-12-16 01:34:51',2147520030,0),(1452,81,'2019-12-16 03:00:42',2147520030,0),(1453,85,'2019-12-16 03:00:44',2147520030,0),(1454,85,'2019-12-16 03:00:51',2147520030,0),(1455,82,'2019-12-16 03:17:15',2147520030,0),(1456,81,'2019-12-16 03:17:22',2147520030,0),(1457,84,'2019-12-16 03:17:30',2147520030,0),(1458,78,'2019-12-16 03:26:27',2147520030,0),(1459,83,'2019-12-16 03:36:55',2147520030,0),(1460,83,'2019-12-16 03:37:59',2147520030,0),(1461,78,'2019-12-16 06:10:32',2147520030,0),(1462,6,'2019-12-16 06:16:50',2147520030,0),(1463,40,'2019-12-16 06:27:38',2147520030,0),(1464,60,'2019-12-16 06:58:29',2147520030,0),(1465,64,'2019-12-16 06:59:38',2147520030,0),(1466,85,'2019-12-16 10:28:22',2147520030,0),(1467,81,'2019-12-16 10:28:26',2147520030,0),(1468,84,'2019-12-16 10:28:34',2147520030,0),(1469,87,'2019-12-16 10:28:39',2147520030,0),(1470,78,'2019-12-16 10:30:01',2147520030,0),(1471,25,'2019-12-16 11:13:39',2147520030,0),(1472,84,'2019-12-16 11:27:35',2147520030,0),(1473,78,'2019-12-16 11:33:13',2147520030,0),(1474,14,'2019-12-16 11:36:18',2147520030,0),(1475,40,'2019-12-16 11:36:44',2147520030,0),(1476,82,'2019-12-16 11:56:11',2147520030,0),(1477,14,'2019-12-16 11:56:39',2147520030,0),(1478,60,'2019-12-16 12:15:50',2147520030,0),(1479,64,'2019-12-16 12:16:33',2147520030,0),(1480,6,'2019-12-16 12:17:35',2147520030,0),(1481,52,'2019-12-16 12:18:05',2147520030,0),(1482,74,'2019-12-16 13:29:01',2147520030,0),(1483,21,'2019-12-16 21:50:14',2147520030,0),(1484,41,'2019-12-17 15:41:04',2147520030,0),(1485,82,'2019-12-17 16:34:30',2147520030,0),(1486,14,'2019-12-17 16:35:19',2147520030,0),(1487,82,'2019-12-17 16:39:00',2147520030,0),(1488,82,'2019-12-17 16:39:35',2147520030,0),(1489,11,'2019-12-17 17:09:42',2147520030,0),(1490,14,'2019-12-17 17:10:23',2147520030,0),(1491,82,'2019-12-17 17:30:55',2147520030,0),(1492,82,'2019-12-17 17:31:32',2147520030,0),(1493,82,'2019-12-17 17:32:39',2147520030,0),(1494,82,'2019-12-17 17:33:33',2147520030,0),(1495,14,'2019-12-17 17:34:18',2147520030,0),(1496,85,'2019-12-17 17:38:00',2147520030,0),(1497,81,'2019-12-17 17:38:16',2147520030,0),(1498,82,'2019-12-17 17:38:16',2147520030,0),(1499,85,'2019-12-17 17:38:16',2147520030,0),(1500,81,'2019-12-17 17:38:16',2147520030,0),(1501,85,'2019-12-17 17:41:05',2147520030,0),(1502,85,'2019-12-17 17:41:53',2147520030,0),(1503,81,'2019-12-17 17:41:57',2147520030,0),(1504,84,'2019-12-17 17:41:59',2147520030,0),(1505,85,'2019-12-17 17:54:31',2147520030,0),(1506,83,'2019-12-17 17:54:36',2147520030,0),(1507,14,'2019-12-17 18:13:58',2147520030,0),(1508,87,'2019-12-17 18:15:35',2147520030,0),(1509,82,'2019-12-17 18:55:29',3579283480,0),(1510,85,'2019-12-17 18:55:50',3579283480,0),(1511,81,'2019-12-17 18:56:17',3579283480,0),(1512,81,'2019-12-17 18:56:23',3579283480,0),(1513,84,'2019-12-17 18:56:34',3579283480,0),(1514,83,'2019-12-17 18:56:42',3579283480,0),(1515,44,'2019-12-17 19:29:13',2147520030,0),(1516,82,'2019-12-17 19:46:28',3579283547,0),(1517,85,'2019-12-17 19:46:34',3579283547,0),(1518,81,'2019-12-17 19:46:43',3579283547,0),(1519,84,'2019-12-17 19:46:51',3579283547,0),(1520,83,'2019-12-17 19:47:13',3579283547,0),(1521,85,'2019-12-17 19:52:25',3579283547,0),(1522,56,'2019-12-17 19:53:36',2147520030,0),(1523,85,'2019-12-17 19:57:11',3579283547,0),(1524,83,'2019-12-17 19:58:52',3579283547,0),(1525,85,'2019-12-17 20:03:59',3579283547,0),(1526,56,'2019-12-17 20:14:25',2147520030,0),(1527,85,'2019-12-17 20:15:58',3579283547,0),(1528,83,'2019-12-17 20:24:07',2147520030,0),(1529,81,'2019-12-17 20:32:05',3579283547,0),(1530,83,'2019-12-17 20:33:48',3579283547,0),(1531,56,'2019-12-17 20:50:41',2147520030,0),(1532,78,'2019-12-18 00:36:39',2147520030,0),(1533,42,'2019-12-18 00:55:34',2147520030,0),(1534,78,'2019-12-18 01:09:39',2147520030,0),(1535,11,'2019-12-18 01:12:11',2147520030,0),(1536,14,'2019-12-18 01:15:37',2147520030,0),(1537,40,'2019-12-18 02:33:18',2147520030,0),(1538,78,'2019-12-18 03:55:32',2147520030,0),(1539,42,'2019-12-18 07:19:50',2147520030,0),(1540,74,'2019-12-18 11:51:19',2147520030,0),(1541,6,'2019-12-18 12:02:29',2147520030,0),(1542,41,'2019-12-18 12:05:39',2147520030,0),(1543,6,'2019-12-18 12:53:41',2147520030,0),(1544,41,'2019-12-18 13:07:35',2147520030,0),(1545,15,'2019-12-18 13:11:51',2147520030,0),(1546,41,'2019-12-18 14:28:42',2147520030,0),(1547,71,'2019-12-18 15:44:30',2147520030,0),(1548,71,'2019-12-18 16:01:22',2147520030,0),(1549,11,'2019-12-18 16:03:46',2147520030,0),(1550,78,'2019-12-18 16:05:55',2147520030,0),(1551,25,'2019-12-18 16:30:07',2147520030,0),(1552,81,'2019-12-18 16:39:13',3579281965,0),(1553,81,'2019-12-18 17:13:01',3579281965,0),(1554,40,'2019-12-18 17:14:02',3579281965,0),(1555,74,'2019-12-18 17:16:44',2147520030,0),(1556,56,'2019-12-18 19:32:26',3579281965,0),(1557,56,'2019-12-18 19:33:06',2147520030,0),(1558,81,'2019-12-18 19:52:53',3579281965,0),(1559,84,'2019-12-18 19:52:57',3579281965,0),(1560,85,'2019-12-18 19:53:05',3579281965,0),(1561,83,'2019-12-18 20:29:49',2147520030,0),(1562,84,'2019-12-18 20:34:04',3579281965,0),(1563,81,'2019-12-18 20:34:08',3579281965,0),(1564,85,'2019-12-18 20:34:13',3579281965,0),(1565,83,'2019-12-18 20:34:18',3579281965,0),(1566,6,'2019-12-18 21:08:09',2147520030,0),(1567,78,'2019-12-18 23:04:52',2147520030,0),(1568,14,'2019-12-18 23:05:51',2147520030,0),(1569,26,'2019-12-19 00:02:28',2147520030,0),(1570,44,'2019-12-19 01:08:39',3579281965,0),(1571,85,'2019-12-19 01:09:02',3579281965,0),(1572,81,'2019-12-19 01:09:09',3579281965,0),(1573,83,'2019-12-19 01:09:16',3579281965,0),(1574,6,'2019-12-19 13:03:23',2147520030,0),(1575,11,'2019-12-19 18:03:13',2147520030,0),(1576,69,'2019-12-20 12:47:17',2147520030,0),(1577,13,'2019-12-20 13:32:02',2147520030,0),(1578,13,'2019-12-20 14:11:10',2147520030,0),(1579,25,'2019-12-20 14:31:09',2147520030,0),(1580,6,'2019-12-20 18:13:48',2147520030,0),(1581,6,'2019-12-23 09:36:02',2147520030,0),(1582,74,'2019-12-23 09:50:20',2147520030,0),(1583,13,'2019-12-23 10:04:19',2147520030,0),(1584,6,'2019-12-24 12:57:06',2147520030,0),(1585,54,'2019-12-25 09:35:33',2147520030,0),(1586,13,'2019-12-25 16:50:58',2147520030,0),(1587,13,'2019-12-25 16:52:12',2147520030,0),(1588,42,'2019-12-25 16:53:09',2147520030,0),(1589,6,'2019-12-25 16:56:50',2147520030,0),(1590,16,'2019-12-25 16:59:02',2147520030,0),(1591,40,'2019-12-25 17:04:20',2147520030,0),(1592,6,'2019-12-25 17:04:40',2147520030,0),(1593,15,'2019-12-25 17:11:17',2147520030,0),(1594,6,'2019-12-25 19:58:53',2147520030,0),(1595,72,'2019-12-25 23:03:13',2147520030,0),(1596,6,'2019-12-25 23:04:53',2147520030,0),(1597,5,'2019-12-25 23:05:29',2147520030,0),(1598,77,'2019-12-25 23:10:59',2147520030,0),(1599,40,'2019-12-25 23:14:57',2147520030,0),(1600,6,'2019-12-25 23:22:12',2147520030,0),(1601,40,'2019-12-25 23:45:16',2147520030,0),(1602,74,'2019-12-26 00:10:23',2147520030,0),(1603,35,'2019-12-26 00:34:23',2147520030,0),(1604,6,'2019-12-26 00:37:01',2147520030,0),(1605,13,'2019-12-26 00:56:15',2147520030,0),(1606,6,'2019-12-26 01:36:06',2147520030,0),(1607,35,'2019-12-26 01:51:40',2147520030,0),(1608,71,'2019-12-26 01:57:13',2147520030,0),(1609,5,'2019-12-26 03:28:38',2147520030,0),(1610,77,'2019-12-26 03:59:47',2147520030,0),(1611,6,'2019-12-26 04:27:09',2147520030,0),(1612,40,'2019-12-26 04:28:00',2147520030,0),(1613,6,'2019-12-26 04:29:07',2147520030,0),(1614,5,'2019-12-26 04:33:06',2147520030,0),(1615,54,'2019-12-26 06:22:44',2147520030,0),(1616,74,'2019-12-26 06:27:36',2147520030,0),(1617,6,'2019-12-26 07:46:22',2147520030,0),(1618,6,'2019-12-26 07:54:26',2147520030,0),(1619,80,'2019-12-26 12:08:20',2147520030,0),(1620,24,'2019-12-26 12:11:24',2147520030,0),(1621,40,'2019-12-26 12:18:40',2147520030,0),(1622,5,'2019-12-26 12:27:16',2147520030,0),(1623,41,'2019-12-26 12:27:54',2147520030,0),(1624,38,'2019-12-26 17:25:40',2147520030,0),(1625,6,'2019-12-27 03:10:46',2147520030,0),(1626,74,'2019-12-27 03:10:58',2147520030,0),(1627,54,'2019-12-27 03:53:20',2147520030,0),(1628,6,'2019-12-27 09:20:05',2147520030,0),(1629,40,'2019-12-27 09:33:56',2147520030,0),(1630,6,'2019-12-27 14:58:56',2147520030,0),(1631,38,'2019-12-27 14:59:26',2147520030,0),(1632,41,'2019-12-28 12:20:09',2147520030,0),(1633,66,'2019-12-28 12:43:52',2147520030,0),(1634,41,'2019-12-28 12:47:54',2147520030,0),(1635,39,'2019-12-28 13:01:24',2147520030,0),(1636,39,'2019-12-28 13:01:35',2147520030,0),(1637,41,'2019-12-28 13:01:44',2147520030,0),(1638,5,'2019-12-28 13:02:33',2147520030,0),(1639,41,'2019-12-28 13:04:42',2147520030,0),(1640,54,'2019-12-28 15:17:26',2147520030,0),(1641,53,'2019-12-28 15:20:53',2147520030,0),(1642,66,'2019-12-28 16:28:38',2147520030,0),(1643,38,'2019-12-29 08:06:22',2147520030,0),(1644,40,'2019-12-30 22:34:26',2147520030,0),(1645,5,'2019-12-31 14:30:17',2147520030,0),(1646,66,'2020-01-01 02:13:53',2147520030,0),(1647,26,'2020-01-01 03:07:01',2147520030,0),(1648,67,'2020-01-01 03:13:29',2147520030,0),(1649,82,'2020-01-01 03:16:13',2147520030,0),(1650,7,'2020-01-08 07:31:14',2147520030,0),(1651,55,'2020-01-08 08:04:50',2147520030,0),(1652,56,'2020-01-08 08:07:58',2147520030,0),(1653,55,'2020-01-08 08:10:24',2147520030,0),(1654,85,'2020-01-08 08:17:38',2147520030,0),(1655,5,'2020-01-08 14:11:36',2147520030,0),(1656,6,'2020-01-08 14:12:39',2147520030,0),(1657,71,'2020-01-08 15:55:59',2147520030,0),(1658,54,'2020-01-08 15:57:43',2147520030,0),(1659,71,'2020-01-08 16:00:03',2147520030,0),(1660,61,'2020-01-08 16:03:30',2147520030,0),(1661,71,'2020-01-08 16:05:21',2147520030,0),(1662,40,'2020-01-08 16:09:18',2147520030,0),(1663,61,'2020-01-08 16:19:05',2147520030,0),(1664,71,'2020-01-08 16:20:23',2147520030,0),(1665,40,'2020-01-08 16:21:38',2147520030,0),(1666,74,'2020-01-08 17:59:06',2147520030,0),(1667,5,'2020-01-08 18:18:15',2147520030,0),(1668,40,'2020-01-08 18:24:26',2147520030,0),(1669,77,'2020-01-08 18:56:30',2147520030,0),(1670,40,'2020-01-08 19:01:17',2147520030,0),(1671,78,'2020-01-08 19:42:19',2147520030,0),(1672,77,'2020-01-08 20:12:20',2147520030,0),(1673,56,'2020-01-08 22:14:34',2147520030,0),(1674,77,'2020-01-09 03:18:35',2147520030,0),(1675,40,'2020-01-09 19:37:24',2147520030,0),(1676,40,'2020-01-09 21:21:11',2147520030,0),(1677,71,'2020-01-09 21:49:44',2147520030,0),(1678,77,'2020-01-09 22:06:57',2147520030,0),(1679,71,'2020-01-10 14:41:30',2147520030,0),(1680,25,'2020-01-11 02:22:46',3104978263,0),(1681,5,'2020-01-11 05:49:23',2147520030,0),(1682,13,'2020-01-11 05:50:06',2147520030,0),(1683,12,'2020-01-11 05:51:10',2147520030,0),(1684,15,'2020-01-11 05:52:51',2147520030,0),(1685,16,'2020-01-11 05:53:33',2147520030,0),(1686,60,'2020-01-11 06:26:29',2147520030,0),(1687,51,'2020-01-11 06:27:20',2147520030,0),(1688,56,'2020-01-11 06:28:06',2147520030,0),(1689,80,'2020-01-11 06:48:28',2147520030,0),(1690,71,'2020-01-11 06:50:54',2147520030,0),(1691,5,'2020-01-11 07:06:34',2147520030,0),(1692,77,'2020-01-11 09:21:01',2147520030,0),(1693,40,'2020-01-11 09:23:00',2147520030,0),(1694,5,'2020-01-11 09:27:45',2147520030,0),(1695,77,'2020-01-11 23:13:30',2147520030,0),(1696,6,'2020-01-12 00:21:47',2147520030,0),(1697,5,'2020-01-13 03:18:24',2147520030,0),(1698,40,'2020-01-13 03:21:52',2147520030,0),(1699,5,'2020-01-13 03:32:43',2147520030,0),(1700,40,'2020-01-13 03:33:15',2147520030,0),(1701,71,'2020-01-13 03:43:46',2147520030,0),(1702,5,'2020-01-13 03:49:22',2147520030,0),(1703,76,'2020-01-14 03:06:45',2147520030,0),(1704,14,'2020-01-14 03:12:22',2147520030,0),(1705,56,'2020-01-14 03:14:20',2147520030,0),(1706,40,'2020-01-14 03:26:19',2147520030,0),(1707,40,'2020-01-14 03:27:23',2147520030,0),(1708,14,'2020-01-14 04:42:57',2147520030,0),(1709,14,'2020-01-14 04:45:56',2147520030,0),(1710,40,'2020-01-14 04:56:16',2147520030,0),(1711,78,'2020-01-14 05:01:54',2147520030,0),(1712,14,'2020-01-14 05:03:15',2147520030,0),(1713,12,'2020-01-14 05:07:53',2147520030,0),(1714,78,'2020-01-14 05:11:58',2147520030,0),(1715,40,'2020-01-14 05:14:55',2147520030,0),(1716,54,'2020-01-14 05:18:22',2147520030,0),(1717,40,'2020-01-14 05:26:47',2147520030,0),(1718,71,'2020-01-14 05:30:58',2147520030,0),(1719,71,'2020-01-14 05:34:21',2147520030,0),(1720,14,'2020-01-14 05:43:58',2147520030,0),(1721,78,'2020-01-14 05:49:01',2147520030,0),(1722,85,'2020-01-14 06:06:59',2147520030,0),(1723,78,'2020-01-14 06:26:12',2147520030,0),(1724,40,'2020-01-14 07:24:17',2147520030,0),(1725,78,'2020-01-14 07:46:33',2147520030,0),(1726,18,'2020-01-14 07:59:00',2147520030,0),(1727,54,'2020-01-14 08:00:23',2147520030,0),(1728,83,'2020-01-14 08:07:21',2147520030,0),(1729,87,'2020-01-14 08:12:33',2147520030,0),(1730,19,'2020-01-14 08:42:46',2147520030,0),(1731,83,'2020-01-14 08:46:06',2147520030,0),(1732,77,'2020-01-14 08:53:42',2147520030,0),(1733,11,'2020-01-14 08:53:59',2147520030,0),(1734,76,'2020-01-14 08:54:06',2147520030,0),(1735,77,'2020-01-14 08:54:16',2147520030,0),(1736,77,'2020-01-14 09:00:24',2147520030,0),(1737,40,'2020-01-14 09:26:23',2147520030,0),(1738,5,'2020-01-14 18:20:10',2147520030,0),(1739,54,'2020-01-14 18:25:03',2147520030,0),(1740,85,'2020-01-14 18:33:13',2147520030,0),(1741,87,'2020-01-14 18:33:22',2147520030,0),(1742,83,'2020-01-14 18:33:37',2147520030,0),(1743,51,'2020-01-14 18:35:14',2147520030,0),(1744,6,'2020-01-14 18:48:28',2147520030,0),(1745,15,'2020-01-14 19:09:34',2147520030,0),(1746,40,'2020-01-14 19:10:10',2147520030,0),(1747,83,'2020-01-14 19:37:52',2147520030,0),(1748,77,'2020-01-14 19:40:08',2147520030,0),(1749,77,'2020-01-14 20:41:27',2147520030,0),(1750,78,'2020-01-14 20:50:26',2147520030,0),(1751,83,'2020-01-14 21:11:44',2147520030,0),(1752,77,'2020-01-14 21:12:06',2147520030,0),(1753,77,'2020-01-14 21:14:16',2147520030,0),(1754,16,'2020-01-14 21:24:16',2147520030,0),(1755,40,'2020-01-14 21:25:11',2147520030,0),(1756,13,'2020-01-14 21:28:21',2147520030,0),(1757,15,'2020-01-14 21:28:57',2147520030,0),(1758,43,'2020-01-14 21:36:38',2147520030,0),(1759,73,'2020-01-14 21:52:05',2147520030,0),(1760,83,'2020-01-14 22:44:46',2147520030,0),(1761,77,'2020-01-14 22:48:20',2147520030,0),(1762,40,'2020-01-14 22:57:38',2147520030,0),(1763,5,'2020-01-15 00:25:49',2147520030,0),(1764,77,'2020-01-15 00:36:41',2147520030,0),(1765,83,'2020-01-15 00:45:30',2147520030,0),(1766,64,'2020-01-15 01:24:23',2147520030,0),(1767,51,'2020-01-15 01:27:56',2147520030,0),(1768,5,'2020-01-15 16:34:43',2147520030,0),(1769,5,'2020-01-15 16:36:47',2147520030,0),(1770,7,'2020-01-15 16:37:07',2147520030,0),(1771,5,'2020-01-15 17:21:25',2147520030,0),(1772,6,'2020-01-15 18:02:58',2147520030,0),(1773,77,'2020-01-15 19:07:41',2147520030,0),(1774,56,'2020-01-15 19:23:58',2147520030,0),(1775,5,'2020-01-15 19:26:31',2147520030,0),(1776,5,'2020-01-15 19:48:44',2147520030,0),(1777,42,'2020-01-15 20:20:58',2147520030,0),(1778,77,'2020-01-15 20:35:28',2147520030,0),(1779,5,'2020-01-15 21:07:28',2147520030,0),(1780,12,'2020-01-16 00:38:47',2147520030,0),(1781,43,'2020-01-16 16:33:03',2147520030,0),(1782,77,'2020-01-16 19:26:55',2147520030,0),(1783,83,'2020-01-16 22:22:06',2147520030,0),(1784,85,'2020-01-16 22:22:14',2147520030,0),(1785,77,'2020-01-16 22:30:02',2147520030,0),(1786,6,'2020-01-16 22:32:38',2147520030,0),(1787,77,'2020-01-16 22:37:27',2147520030,0),(1788,12,'2020-01-16 22:41:07',2147520030,0),(1789,40,'2020-01-16 22:42:52',2147520030,0),(1790,5,'2020-01-16 22:54:27',2147520030,0),(1791,83,'2020-01-16 23:38:52',2147520030,0),(1792,85,'2020-01-16 23:47:21',2147520030,0),(1793,83,'2020-01-16 23:49:17',2147520030,0),(1794,83,'2020-01-16 23:54:57',2147520030,0),(1795,83,'2020-01-17 01:23:08',2147520030,0),(1796,83,'2020-01-17 01:28:04',2147520030,0),(1797,43,'2020-01-17 04:09:45',2147520030,0),(1798,5,'2020-01-17 04:13:28',2147520030,0),(1799,12,'2020-01-17 04:15:07',2147520030,0),(1800,87,'2020-01-17 04:16:27',2147520030,0),(1801,16,'2020-01-17 04:16:57',2147520030,0),(1802,15,'2020-01-17 04:17:44',2147520030,0),(1803,83,'2020-01-17 04:18:45',2147520030,0),(1804,19,'2020-01-17 08:47:37',2147520030,0),(1805,77,'2020-01-17 08:47:57',2147520030,0),(1806,83,'2020-01-17 10:04:08',2147520030,0),(1807,78,'2020-01-17 10:06:54',2147520030,0),(1808,77,'2020-01-17 10:10:31',2147520030,0),(1809,71,'2020-01-17 20:16:14',2147520030,0),(1810,77,'2020-01-17 20:19:32',2147520030,0),(1811,40,'2020-01-17 20:20:40',2147520030,0),(1812,74,'2020-01-17 20:22:24',2147520030,0),(1813,82,'2020-01-17 20:24:45',2147520030,0),(1814,14,'2020-01-17 20:25:24',2147520030,0),(1815,75,'2020-01-17 20:25:26',2147520030,0),(1816,14,'2020-01-17 20:27:13',2147520030,0),(1817,74,'2020-01-17 20:30:41',2147520030,0),(1818,77,'2020-01-17 20:31:14',2147520030,0),(1819,71,'2020-01-17 20:31:57',2147520030,0),(1820,77,'2020-01-17 20:39:45',2147520030,0),(1821,6,'2020-01-17 20:40:38',2147520030,0),(1822,12,'2020-01-17 20:41:46',2147520030,0),(1823,19,'2020-01-17 20:42:01',2147520030,0),(1824,52,'2020-01-17 20:43:16',2147520030,0),(1825,78,'2020-01-17 20:44:37',2147520030,0),(1826,77,'2020-01-17 21:29:09',2147520030,0),(1827,5,'2020-01-17 21:35:54',2147520030,0),(1828,77,'2020-01-17 21:37:17',2147520030,0),(1829,51,'2020-01-18 00:36:26',2147520030,0),(1830,77,'2020-01-18 15:54:35',2147520030,0),(1831,64,'2020-01-18 16:42:27',2147520030,0),(1832,83,'2020-01-18 16:42:35',2147520030,0),(1833,77,'2020-01-18 17:33:16',2147520030,0),(1834,71,'2020-01-18 18:10:23',2147520030,0),(1835,78,'2020-01-18 18:13:02',2147520030,0),(1836,83,'2020-01-18 18:25:23',2147520030,0),(1837,78,'2020-01-18 18:37:54',2147520030,0),(1838,78,'2020-01-18 19:11:44',2147520030,0),(1839,83,'2020-01-18 19:24:37',2147520030,0),(1840,76,'2020-01-18 19:35:13',2147520030,0),(1841,85,'2020-01-19 01:13:54',2147520030,0),(1842,31,'2020-01-19 01:18:56',2147520030,0),(1843,87,'2020-01-19 01:19:29',2147520030,0),(1844,83,'2020-01-19 01:35:23',2147520030,0),(1845,74,'2020-01-19 18:37:55',2147520030,0),(1846,78,'2020-01-19 18:40:14',2147520030,0),(1847,19,'2020-01-19 21:42:50',2147520030,0),(1848,18,'2020-01-19 21:43:09',2147520030,0),(1849,48,'2020-01-19 21:44:28',2147520030,0),(1850,44,'2020-01-19 21:58:33',3400952404,0),(1851,87,'2020-01-19 21:59:55',3400952404,0),(1852,83,'2020-01-19 22:00:35',3400952404,0),(1853,56,'2020-01-19 22:01:11',3400952404,0),(1854,56,'2020-01-19 22:01:19',3400952404,0),(1855,44,'2020-01-19 22:10:30',2147520030,0),(1856,56,'2020-01-19 22:10:39',2147520030,0),(1857,40,'2020-01-19 22:12:13',2147520030,0),(1858,83,'2020-01-19 22:13:40',2147520030,0),(1859,85,'2020-01-19 22:13:49',2147520030,0),(1860,83,'2020-01-19 22:14:59',2147520030,0),(1861,85,'2020-01-19 22:15:05',2147520030,0),(1862,44,'2020-01-19 22:24:19',2147520030,0),(1863,56,'2020-01-20 03:06:43',2147520030,0),(1864,87,'2020-01-20 03:13:54',2147520030,0),(1865,6,'2020-01-20 03:14:15',2147520030,0),(1866,6,'2020-01-20 03:26:01',2147520030,0),(1867,5,'2020-01-20 03:41:34',2147520030,0),(1868,40,'2020-01-20 04:15:49',2147520030,0),(1869,83,'2020-01-20 06:28:23',2147520030,0),(1870,85,'2020-01-20 06:28:28',2147520030,0),(1871,49,'2020-01-20 07:11:24',2147520030,0),(1872,54,'2020-01-20 13:23:58',2147520030,0),(1873,41,'2020-01-20 13:48:16',2147520030,0),(1874,60,'2020-01-20 14:42:59',2147520030,0),(1875,72,'2020-01-20 14:44:00',2147520030,0),(1876,66,'2020-01-20 14:44:26',2147520030,0),(1877,41,'2020-01-20 14:54:20',2147520030,0),(1878,71,'2020-01-20 18:03:05',2147520030,0),(1879,71,'2020-01-20 20:53:59',2147520030,0),(1880,72,'2020-01-20 20:54:07',2147520030,0),(1881,64,'2020-01-20 20:54:12',2147520030,0),(1882,61,'2020-01-20 20:57:04',2147520030,0),(1883,64,'2020-01-20 20:57:11',2147520030,0),(1884,70,'2020-01-20 20:59:22',2147520030,0),(1885,5,'2020-01-20 21:25:44',2147520030,0),(1886,64,'2020-01-20 21:32:45',2147520030,0),(1887,71,'2020-01-20 21:40:39',2147520030,0),(1888,71,'2020-01-20 21:41:11',2147520030,0),(1889,5,'2020-01-20 21:58:56',2147520030,0),(1890,66,'2020-01-20 22:13:49',2147520030,0),(1891,71,'2020-01-20 22:20:43',2147520030,0),(1892,71,'2020-01-20 22:48:29',2147520030,0),(1893,6,'2020-01-20 22:50:22',2147520030,0),(1894,5,'2020-01-20 22:59:57',2147520030,0),(1895,7,'2020-01-20 23:17:45',2147520030,0),(1896,40,'2020-01-20 23:22:35',2147520030,0),(1897,5,'2020-01-21 07:24:55',2147520030,0),(1898,64,'2020-01-21 07:53:54',2147520030,0),(1899,66,'2020-01-21 07:54:46',2147520030,0),(1900,70,'2020-01-21 07:59:27',2147520030,0),(1901,70,'2020-01-21 07:59:59',2147520030,0),(1902,77,'2020-01-21 08:00:02',2147520030,0),(1903,69,'2020-01-21 08:00:38',2147520030,0),(1904,87,'2020-01-21 08:06:16',2147520030,0),(1905,87,'2020-01-21 08:06:27',2147520030,0),(1906,19,'2020-01-21 08:06:35',2147520030,0),(1907,18,'2020-01-21 08:06:55',2147520030,0),(1908,16,'2020-01-21 08:08:14',2147520030,0),(1909,40,'2020-01-21 09:34:52',3104978263,0),(1910,60,'2020-01-21 20:47:27',2147520030,0),(1911,12,'2020-01-21 20:52:10',2147520030,0),(1912,54,'2020-01-21 20:56:37',2147520030,0),(1913,5,'2020-01-21 21:04:55',2147520030,0),(1914,45,'2020-01-22 01:30:09',2147520030,0),(1915,71,'2020-01-22 09:10:05',2147520030,0),(1916,6,'2020-01-24 18:23:13',2147520030,0),(1917,64,'2020-01-24 22:07:44',2147520030,0),(1918,54,'2020-01-24 22:08:15',2147520030,0),(1919,54,'2020-01-24 22:11:16',2147520030,0),(1920,50,'2020-01-24 22:11:39',2147520030,0),(1921,64,'2020-01-24 22:17:10',2147520030,0),(1922,64,'2020-01-24 22:23:09',2147520030,0),(1923,74,'2020-01-24 22:54:15',2147520030,0),(1924,5,'2020-01-24 22:59:19',2147520030,0),(1925,82,'2020-01-24 23:00:26',2147520030,0),(1926,78,'2020-01-24 23:01:03',2147520030,0),(1927,85,'2020-01-24 23:04:29',2147520030,0),(1928,78,'2020-01-24 23:24:48',2147520030,0),(1929,40,'2020-01-24 23:26:04',2147520030,0),(1930,85,'2020-01-24 23:41:02',2147520030,0),(1931,83,'2020-01-24 23:48:30',2147520030,0),(1932,83,'2020-01-25 00:25:01',2147520030,0),(1933,85,'2020-01-25 00:25:28',2147520030,0),(1934,78,'2020-01-25 01:07:35',2147520030,0),(1935,24,'2020-01-25 02:33:46',2147520030,0),(1936,80,'2020-01-25 02:36:28',2147520030,0),(1937,40,'2020-01-25 02:37:28',2147520030,0),(1938,43,'2020-01-25 02:53:36',2147520030,0),(1939,83,'2020-01-25 03:17:11',2147520030,0),(1940,54,'2020-01-25 03:42:44',2147520030,0),(1941,83,'2020-01-25 03:42:55',2147520030,0),(1942,82,'2020-01-25 03:47:37',2147520030,0),(1943,40,'2020-01-25 04:01:37',2147520030,0),(1944,14,'2020-01-25 04:24:38',2147520030,0),(1945,78,'2020-01-25 05:00:44',2147520030,0),(1946,82,'2020-01-25 05:27:47',2147520030,0),(1947,14,'2020-01-25 05:29:02',2147520030,0),(1948,14,'2020-01-25 05:44:15',2147520030,0),(1949,50,'2020-01-25 07:55:30',2147520030,0),(1950,85,'2020-01-25 08:08:39',2147520030,0),(1951,83,'2020-01-25 08:08:42',2147520030,0),(1952,40,'2020-01-25 08:34:02',2147520030,0),(1953,73,'2020-01-25 08:35:33',2147520030,0),(1954,66,'2020-01-25 08:43:53',2147520030,0),(1955,66,'2020-01-25 08:49:57',2147520030,0),(1956,66,'2020-01-25 08:50:06',2147520030,0),(1957,14,'2020-01-25 08:54:12',2147520030,0),(1958,40,'2020-01-25 09:00:50',2147520030,0),(1959,82,'2020-01-25 09:45:45',2147520030,0),(1960,14,'2020-01-25 09:47:06',2147520030,0),(1961,74,'2020-01-25 09:55:50',2147520030,0),(1962,71,'2020-01-25 09:57:55',2147520030,0),(1963,82,'2020-01-25 10:15:06',2147520030,0),(1964,75,'2020-01-25 10:15:22',2147520030,0),(1965,88,'2020-01-25 10:55:44',2147520030,0),(1966,89,'2020-01-25 10:58:14',2147520030,0),(1967,79,'2020-01-25 11:06:58',2147520030,0),(1968,71,'2020-01-25 11:07:57',2147520030,0),(1969,40,'2020-01-25 11:09:39',2147520030,0),(1970,81,'2020-01-25 11:26:07',2147520030,0),(1971,78,'2020-01-25 11:27:05',2147520030,0),(1972,81,'2020-01-25 11:31:55',2147520030,0),(1973,84,'2020-01-25 14:03:44',2147520030,0),(1974,78,'2020-01-25 14:04:04',2147520030,0),(1975,14,'2020-01-25 14:05:21',2147520030,0),(1976,6,'2020-01-25 14:09:57',2147520030,0),(1977,85,'2020-01-25 20:32:44',2147520030,0),(1978,83,'2020-01-25 20:32:47',2147520030,0),(1979,89,'2020-01-25 20:32:57',2147520030,0),(1980,6,'2020-01-25 21:48:43',2147520030,0),(1981,24,'2020-01-25 21:49:25',2147520030,0),(1982,6,'2020-01-25 21:50:12',2147520030,0),(1983,40,'2020-01-25 21:51:37',2147520030,0),(1984,71,'2020-01-25 22:34:53',2147520030,0),(1985,71,'2020-01-25 23:19:04',2147520030,0),(1986,40,'2020-01-25 23:30:22',2147520030,0),(1987,83,'2020-01-26 00:02:33',2147520030,0),(1988,89,'2020-01-26 00:02:42',2147520030,0),(1989,83,'2020-01-26 00:06:48',2147520030,0),(1990,88,'2020-01-26 01:12:03',2147520030,0),(1991,83,'2020-01-26 01:12:12',2147520030,0),(1992,43,'2020-01-26 01:36:11',2147520030,0),(1993,60,'2020-01-26 07:26:55',2147520030,0),(1994,65,'2020-01-26 07:27:29',2147520030,0),(1995,89,'2020-01-26 07:53:23',2147520030,0),(1996,83,'2020-01-26 07:53:32',2147520030,0),(1997,83,'2020-01-26 07:54:52',2147520030,0),(1998,89,'2020-01-26 07:58:03',2147520030,0),(1999,85,'2020-01-26 08:52:42',2147520030,0),(2000,83,'2020-01-26 08:52:47',2147520030,0),(2001,89,'2020-01-26 08:52:55',2147520030,0),(2002,84,'2020-01-26 08:53:09',2147520030,0),(2003,81,'2020-01-26 08:53:12',2147520030,0),(2004,85,'2020-01-26 08:53:15',2147520030,0),(2005,82,'2020-01-26 08:53:16',2147520030,0),(2006,88,'2020-01-26 08:53:23',2147520030,0),(2007,89,'2020-01-26 08:54:15',2147520030,0),(2008,83,'2020-01-26 08:54:30',2147520030,0),(2009,83,'2020-01-26 08:56:13',2147520030,0),(2010,89,'2020-01-26 09:03:17',2147520030,0),(2011,89,'2020-01-26 21:32:15',2147520030,0),(2012,40,'2020-01-26 23:04:48',2147520030,0),(2013,81,'2020-01-26 23:21:46',2147520030,0),(2014,40,'2020-01-26 23:22:25',2147520030,0),(2015,89,'2020-01-26 23:57:49',2147520030,0),(2016,83,'2020-01-27 00:07:03',2147520030,0),(2017,89,'2020-01-27 00:20:23',2147520030,0),(2018,60,'2020-01-27 08:15:17',2147520030,0),(2019,33,'2020-01-27 12:59:11',2147520030,0),(2020,40,'2020-01-28 00:59:35',2147520030,0),(2021,14,'2020-01-28 01:10:14',2147520030,0),(2022,78,'2020-01-28 01:13:44',2147520030,0),(2023,75,'2020-01-28 01:24:02',2147520030,0),(2024,14,'2020-01-28 01:25:01',2147520030,0),(2025,40,'2020-01-28 01:25:04',2147520030,0),(2026,14,'2020-01-28 01:28:50',2147520030,0),(2027,69,'2020-01-28 02:33:52',2147520030,0),(2028,65,'2020-01-28 02:34:50',2147520030,0),(2029,88,'2020-01-28 02:35:51',2147520030,0),(2030,83,'2020-01-28 02:36:01',2147520030,0),(2031,89,'2020-01-28 02:36:04',2147520030,0),(2032,84,'2020-01-28 02:36:08',2147520030,0),(2033,81,'2020-01-28 02:36:12',2147520030,0),(2034,85,'2020-01-28 02:36:24',2147520030,0),(2035,13,'2020-01-28 02:37:54',2147520030,0),(2036,16,'2020-01-28 02:38:28',2147520030,0),(2037,82,'2020-01-28 02:38:39',2147520030,0),(2038,16,'2020-01-28 02:39:15',2147520030,0),(2039,19,'2020-01-28 02:39:48',2147520030,0),(2040,18,'2020-01-28 02:40:09',2147520030,0),(2041,15,'2020-01-28 02:40:28',2147520030,0),(2042,88,'2020-01-28 02:45:21',2147520030,0),(2043,14,'2020-01-28 02:59:36',2147520030,0),(2044,75,'2020-01-28 02:59:41',2147520030,0),(2045,88,'2020-01-28 03:04:16',2147520030,0),(2046,82,'2020-01-28 03:04:19',2147520030,0),(2047,88,'2020-01-28 03:12:55',2147520030,0),(2048,75,'2020-01-28 03:43:45',2147520030,0),(2049,82,'2020-01-28 04:08:54',2147520030,0),(2050,88,'2020-01-28 04:09:11',2147520030,0),(2051,82,'2020-01-28 04:12:01',2147520030,0),(2052,81,'2020-01-28 04:17:01',2147520030,0),(2053,85,'2020-01-28 04:17:05',2147520030,0),(2054,87,'2020-01-28 04:17:08',2147520030,0),(2055,40,'2020-01-28 04:17:37',2147520030,0),(2056,90,'2020-01-28 09:27:48',2147520030,0),(2057,82,'2020-01-28 09:28:24',2147520030,0),(2058,75,'2020-01-28 09:29:23',2147520030,0),(2059,64,'2020-01-28 09:30:44',2147520030,0),(2060,14,'2020-01-28 09:31:22',2147520030,0),(2061,90,'2020-01-28 09:31:48',2147520030,0),(2062,35,'2020-01-28 09:36:36',2147520030,0),(2063,24,'2020-01-28 09:44:20',2147520030,0),(2064,90,'2020-01-28 10:16:50',2147520030,0),(2065,90,'2020-01-28 10:16:57',2147520030,0),(2066,6,'2020-01-28 10:17:23',2147520030,0),(2067,12,'2020-01-28 10:19:49',2147520030,0),(2068,24,'2020-01-28 10:37:20',2147520030,0),(2069,6,'2020-01-28 10:42:23',2147520030,0),(2070,5,'2020-01-28 13:30:08',2147520030,0),(2071,18,'2020-01-28 13:41:36',2147520030,0),(2072,41,'2020-01-28 14:59:20',2147520030,0),(2073,74,'2020-01-28 16:38:08',2147520030,0),(2074,42,'2020-01-28 16:38:11',2147520030,0),(2075,16,'2020-01-28 16:40:38',2147520030,0),(2076,13,'2020-01-28 16:43:08',2147520030,0),(2077,15,'2020-01-28 16:43:39',2147520030,0),(2078,82,'2020-01-28 16:57:58',2147520030,0),(2079,14,'2020-01-28 16:58:09',2147520030,0),(2080,87,'2020-01-29 03:25:38',2147520030,0),(2081,46,'2020-01-29 03:27:33',2147520030,0),(2082,45,'2020-01-29 03:54:07',2147520030,0),(2083,5,'2020-01-29 04:12:50',2147520030,0),(2084,42,'2020-01-29 04:13:12',2147520030,0),(2085,89,'2020-01-29 04:13:51',2147520030,0),(2086,88,'2020-01-29 04:46:37',2147520030,0),(2087,6,'2020-01-29 04:47:17',2147520030,0),(2088,82,'2020-01-29 06:27:17',2147520030,0),(2089,12,'2020-01-29 07:21:00',2147520030,0),(2090,60,'2020-01-29 07:27:54',2147520030,0),(2091,87,'2020-01-29 07:46:25',2147520030,0),(2092,40,'2020-01-29 07:47:14',2147520030,0),(2093,54,'2020-01-29 07:52:23',2147520030,0),(2094,14,'2020-01-29 07:57:41',2147520030,0),(2095,40,'2020-01-29 07:57:47',2147520030,0),(2096,6,'2020-01-29 08:02:29',2147520030,0),(2097,42,'2020-01-29 08:03:29',2147520030,0),(2098,15,'2020-01-29 08:07:01',2147520030,0),(2099,13,'2020-01-29 08:12:11',2147520030,0),(2100,16,'2020-01-29 08:19:24',2147520030,0),(2101,15,'2020-01-29 08:26:22',2147520030,0),(2102,40,'2020-01-29 08:38:58',2147520030,0),(2103,87,'2020-01-29 09:16:36',2147520030,0),(2104,83,'2020-01-29 09:27:42',2147520030,0),(2105,82,'2020-01-29 09:28:33',2147520030,0),(2106,91,'2020-01-29 09:40:55',2147520030,0),(2107,6,'2020-01-29 09:55:02',2147520030,0),(2108,6,'2020-01-29 11:49:42',2147520030,0),(2109,5,'2020-01-29 11:52:32',2147520030,0),(2110,82,'2020-01-29 12:03:54',2147520030,0),(2111,12,'2020-01-29 12:06:27',2147520030,0),(2112,75,'2020-01-29 12:07:05',2147520030,0),(2113,82,'2020-01-29 12:09:58',2147520030,0),(2114,95,'2020-01-29 12:10:41',2147520030,0),(2115,95,'2020-01-29 12:27:35',2147520030,0),(2116,95,'2020-01-29 12:27:45',2147520030,0),(2117,6,'2020-01-29 12:28:11',2147520030,0),(2118,14,'2020-01-29 12:31:56',2147520030,0),(2119,83,'2020-01-29 12:33:54',2147520030,0),(2120,78,'2020-01-29 12:38:41',2147520030,0),(2121,82,'2020-01-29 12:48:54',2147520030,0),(2123,87,'2020-01-29 12:51:49',2147520030,0),(2124,78,'2020-01-29 12:55:35',2147520030,0),(2125,6,'2020-01-29 13:27:47',2147520030,0),(2126,82,'2020-01-29 14:13:52',2147520030,0),(2127,82,'2020-01-29 14:16:03',2147520030,0),(2128,82,'2020-01-29 14:19:28',2147520030,0),(2129,64,'2020-01-29 15:21:06',2147520030,0),(2130,64,'2020-01-29 16:04:09',2147520030,0),(2131,6,'2020-01-29 16:04:31',2147520030,0),(2132,16,'2020-01-29 16:04:47',2147520030,0),(2133,40,'2020-01-29 16:05:15',2147520030,0),(2134,42,'2020-01-29 16:12:14',2147520030,0),(2135,76,'2020-01-29 17:01:27',2147520030,0),(2137,19,'2020-01-30 10:13:48',2147520030,0),(2138,12,'2020-01-30 10:55:35',2147520030,0),(2140,12,'2020-01-30 15:54:27',2147520030,0),(2141,95,'2020-01-31 04:47:04',2147520030,0),(2142,56,'2020-01-31 05:50:46',2147520030,0),(2143,40,'2020-01-31 05:54:03',2147520030,0),(2144,6,'2020-01-31 06:16:10',2147520030,0),(2145,6,'2020-01-31 06:16:43',2147520030,0),(2146,21,'2020-01-31 08:09:37',2147520030,0),(2147,43,'2020-01-31 08:10:05',2147520030,0),(2148,78,'2020-01-31 08:13:38',2147520030,0),(2149,82,'2020-01-31 08:43:44',2147520030,0),(2151,14,'2020-01-31 08:48:50',2147520030,0),(2152,12,'2020-01-31 09:08:13',2147520030,0),(2153,40,'2020-01-31 09:08:43',2147520030,0),(2154,35,'2020-01-31 09:16:38',2147520030,0),(2155,6,'2020-01-31 09:22:40',2147520030,0),(2156,6,'2020-01-31 14:03:34',2147520030,0),(2157,83,'2020-01-31 14:04:44',2147520030,0),(2158,12,'2020-01-31 14:05:13',2147520030,0),(2159,13,'2020-01-31 14:05:56',2147520030,0),(2160,5,'2020-01-31 14:06:13',2147520030,0),(2161,93,'2020-01-31 14:06:37',2147520030,0),(2162,94,'2020-01-31 14:06:42',2147520030,0),(2163,83,'2020-01-31 14:07:31',2147520030,0),(2164,6,'2020-02-01 05:26:16',2147520030,0),(2165,40,'2020-02-01 05:27:07',2147520030,0),(2166,95,'2020-02-01 05:34:33',2147520030,0),(2167,12,'2020-02-01 05:34:48',2147520030,0),(2168,19,'2020-02-01 05:35:03',2147520030,0),(2169,46,'2020-02-01 06:04:20',2147520030,0),(2170,50,'2020-02-01 06:46:20',2147520030,0),(2171,49,'2020-02-01 07:24:19',2147520030,0),(2172,82,'2020-02-01 07:25:00',2147520030,0),(2174,83,'2020-02-01 07:26:31',2147520030,0),(2175,85,'2020-02-01 07:26:39',2147520030,0),(2176,47,'2020-02-01 07:27:19',2147520030,0),(2177,88,'2020-02-01 07:29:30',2147520030,0),(2178,82,'2020-02-01 07:29:34',2147520030,0),(2180,78,'2020-02-01 07:31:48',2147520030,0),(2181,6,'2020-02-01 09:25:26',2147520030,0),(2182,16,'2020-02-01 09:26:46',2147520030,0),(2183,40,'2020-02-01 09:29:00',2147520030,0),(2184,6,'2020-02-01 09:42:11',2147520030,0),(2185,42,'2020-02-01 09:46:51',2147520030,0),(2190,51,'2020-02-01 16:17:45',2147520030,0),(2193,73,'2020-02-02 06:30:28',2147520030,0),(2194,6,'2020-02-02 07:59:30',2147520030,0),(2195,33,'2020-02-02 08:01:06',2147520030,0),(2196,95,'2020-02-02 08:01:46',2147520030,0),(2197,41,'2020-02-02 08:12:49',2147520030,0),(2198,41,'2020-02-02 08:14:30',2147520030,0),(2199,49,'2020-02-02 09:17:18',2147520030,0),(2200,78,'2020-02-02 09:18:16',2147520030,0),(2201,51,'2020-02-02 16:55:44',2147520030,0),(2202,13,'2020-02-02 19:21:14',2147520030,0),(2203,71,'2020-02-02 19:21:24',2147520030,0),(2205,78,'2020-02-03 10:02:45',2147520030,0),(2206,71,'2020-02-03 10:40:09',2147520030,0),(2207,79,'2020-02-03 11:35:05',2147520030,0),(2208,33,'2020-02-03 11:36:06',2147520030,0),(2209,12,'2020-02-03 11:37:22',2147520030,0),(2210,35,'2020-02-03 11:40:01',2147520030,0),(2211,71,'2020-02-03 11:57:40',2147520030,0),(2212,43,'2020-02-03 12:00:08',2147520030,0),(2213,54,'2020-02-03 12:04:50',2147520030,0),(2214,64,'2020-02-03 12:05:37',2147520030,0),(2215,72,'2020-02-03 12:06:51',2147520030,0),(2216,52,'2020-02-03 12:09:01',2147520030,0),(2217,64,'2020-02-03 12:22:19',2147520030,0),(2218,6,'2020-02-03 12:32:00',2147520030,0),(2219,71,'2020-02-03 12:32:04',2147520030,0),(2220,87,'2020-02-03 12:54:19',2147520030,0),(2221,41,'2020-02-03 13:11:17',2147520030,0),(2223,78,'2020-02-03 13:45:52',2147520030,0),(2224,46,'2020-02-03 14:33:35',2147520030,0),(2225,35,'2020-02-03 14:56:55',2147520030,0),(2226,64,'2020-02-03 15:57:44',2147520030,0),(2227,64,'2020-02-03 17:16:03',2147520030,0),(2228,71,'2020-02-03 17:19:40',2147520030,0),(2229,64,'2020-02-03 17:20:26',2147520030,0),(2230,64,'2020-02-03 17:26:42',2147520030,0),(2231,43,'2020-02-03 17:26:55',2147520030,0),(2232,64,'2020-02-03 17:30:10',2147520030,0),(2233,87,'2020-02-03 17:34:13',2147520030,0),(2234,64,'2020-02-03 17:52:21',2147520030,0),(2235,64,'2020-02-03 18:05:04',2147520030,0),(2236,66,'2020-02-03 18:05:17',2147520030,0),(2237,64,'2020-02-03 18:05:56',2147520030,0),(2238,71,'2020-02-03 18:06:33',2147520030,0),(2239,65,'2020-02-03 18:10:01',2147520030,0),(2240,16,'2020-02-03 18:33:12',2147520030,0),(2241,64,'2020-02-03 18:34:47',2147520030,0),(2242,51,'2020-02-04 00:40:04',2147520030,0),(2243,83,'2020-02-04 09:49:46',2147520030,0),(2244,83,'2020-02-04 09:53:09',2147520030,0),(2245,54,'2020-02-04 12:10:32',2147520030,0),(2246,54,'2020-02-04 13:05:21',2147520030,0),(2247,64,'2020-02-04 18:54:14',2147520030,0),(2248,64,'2020-02-04 19:55:33',2147520030,0),(2249,6,'2020-02-04 19:55:53',2147520030,0),(2250,12,'2020-02-04 19:57:08',2147520030,0),(2251,95,'2020-02-04 19:57:34',2147520030,0),(2252,12,'2020-02-05 11:31:50',2147520030,0),(2253,95,'2020-02-05 11:32:04',2147520030,0),(2254,39,'2020-02-05 11:55:10',2147520030,0),(2255,54,'2020-02-05 13:34:33',2147520030,0),(2256,85,'2020-02-05 13:35:36',2147520030,0),(2257,39,'2020-02-05 14:09:36',2147520030,0),(2258,52,'2020-02-05 14:21:40',2147520030,0),(2259,54,'2020-02-05 16:18:45',2147520030,0),(2260,40,'2020-02-05 18:45:11',2147520030,0),(2261,56,'2020-02-05 18:54:25',2147520030,0),(2262,54,'2020-02-05 19:06:33',2147520030,0),(2263,69,'2020-02-05 19:06:53',2147520030,0),(2265,82,'2020-02-05 20:20:46',2147520030,0),(2266,85,'2020-02-05 20:20:52',2147520030,0),(2267,71,'2020-02-06 09:46:01',2147520030,0),(2268,78,'2020-02-06 10:15:27',2147520030,0),(2269,15,'2020-02-06 11:30:10',2147520030,0),(2270,71,'2020-02-06 15:06:09',2147520030,0),(2271,40,'2020-02-07 07:02:44',2147520030,0),(2272,85,'2020-02-07 09:39:04',2147520030,0),(2273,49,'2020-02-07 14:24:51',2147520030,0),(2274,49,'2020-02-08 08:18:51',2147520030,0),(2275,80,'2020-02-08 08:19:15',2147520030,0),(2276,69,'2020-02-08 08:37:56',2147520030,0),(2277,47,'2020-02-08 08:38:28',2147520030,0),(2278,12,'2020-02-08 08:46:36',2147520030,0),(2279,65,'2020-02-08 08:52:55',2147520030,0),(2280,74,'2020-02-08 08:54:20',2147520030,0),(2281,49,'2020-02-08 08:57:12',2147520030,0),(2282,7,'2020-02-08 09:00:13',2147520030,0),(2283,24,'2020-02-08 09:00:54',2147520030,0),(2284,46,'2020-02-08 09:05:35',2147520030,0),(2285,25,'2020-02-08 12:22:36',2147520030,0),(2286,66,'2020-02-08 12:48:34',2147520030,0),(2287,40,'2020-02-08 13:04:51',2147520030,0),(2288,56,'2020-02-08 13:37:24',2147520030,0),(2289,55,'2020-02-08 13:39:26',2147520030,0),(2290,35,'2020-02-08 13:43:10',2147520030,0),(2291,40,'2020-02-08 15:36:08',2147520030,0),(2292,26,'2020-02-08 15:38:07',2147520030,0),(2293,12,'2020-02-08 15:39:44',2147520030,0),(2294,40,'2020-02-08 16:34:29',2147520030,0),(2295,6,'2020-02-10 09:52:44',2147520030,0),(2296,13,'2020-02-10 10:08:33',2147520030,0),(2297,42,'2020-02-10 10:12:32',2147520030,0),(2298,15,'2020-02-10 10:17:48',2147520030,0),(2299,16,'2020-02-10 10:18:28',2147520030,0),(2300,54,'2020-02-10 11:12:18',2147520030,0),(2301,40,'2020-02-10 11:15:05',2147520030,0),(2302,87,'2020-02-10 11:17:17',2147520030,0),(2303,41,'2020-02-10 12:59:49',2147520030,0),(2304,60,'2020-02-10 13:06:52',2147520030,0),(2305,71,'2020-02-10 13:07:22',2147520030,0),(2306,3,'2020-02-10 15:20:25',2147520030,0),(2307,49,'2020-02-11 09:34:44',2147520030,0),(2308,40,'2020-02-11 10:48:44',2147520030,0),(2309,11,'2020-02-11 16:34:37',2147520030,0),(2310,5,'2020-02-11 16:36:34',2147520030,0),(2311,54,'2020-02-11 18:21:52',2147520030,0),(2312,85,'2020-02-12 22:49:11',2147520030,0),(2313,44,'2020-02-12 23:03:16',2147520030,0),(2314,71,'2020-02-12 23:25:21',2147520030,0),(2315,54,'2020-02-13 06:55:16',2147520030,0),(2316,61,'2020-02-13 07:31:17',2147520030,0),(2317,54,'2020-02-13 09:09:02',2147520030,0),(2318,40,'2020-02-13 09:11:43',2147520030,0),(2319,49,'2020-02-13 15:00:58',2147520030,0),(2320,49,'2020-02-13 15:08:28',2147520030,0),(2321,26,'2020-02-13 19:13:21',2147520030,0),(2322,40,'2020-02-14 08:27:36',2147520030,0),(2323,15,'2020-02-14 08:39:34',2147520030,0),(2324,66,'2020-02-14 08:47:56',2147520030,0),(2325,35,'2020-02-14 10:21:04',2147520030,0),(2326,50,'2020-02-14 11:00:06',2147520030,0),(2327,40,'2020-02-14 11:26:43',2501682107,0),(2328,11,'2020-02-14 11:28:40',2501682107,0),(2329,75,'2020-02-14 11:35:18',2147520030,0),(2330,66,'2020-02-14 16:09:36',2147520030,0),(2331,15,'2020-02-14 16:12:38',2147520030,0),(2332,34,'2020-02-14 16:15:28',2147520030,0),(2333,33,'2020-02-14 16:16:48',2147520030,0),(2334,66,'2020-02-14 16:20:17',2147520030,0),(2335,79,'2020-02-14 16:46:06',2147520030,0),(2336,66,'2020-02-14 16:47:37',2147520030,0),(2337,74,'2020-02-14 16:51:11',2147520030,0),(2338,12,'2020-02-14 17:38:15',2147520030,0),(2339,60,'2020-02-14 17:39:06',2147520030,0),(2340,51,'2020-02-14 17:48:34',2147520030,0),(2341,40,'2020-02-14 20:56:09',2147520030,0),(2342,16,'2020-02-14 20:58:09',2147520030,0),(2343,74,'2020-02-14 21:05:46',2147520030,0),(2344,15,'2020-02-14 21:06:55',2147520030,0),(2345,82,'2020-02-14 21:09:46',2147520030,0),(2346,95,'2020-02-14 21:10:54',2147520030,0),(2347,43,'2020-02-14 21:11:40',2147520030,0),(2348,43,'2020-02-14 21:13:06',2147520030,0),(2349,82,'2020-02-14 21:24:00',2147520030,0),(2350,55,'2020-02-14 21:24:41',2147520030,0),(2351,56,'2020-02-14 21:24:55',2147520030,0),(2352,13,'2020-02-14 22:17:18',2147520030,0),(2353,40,'2020-02-14 22:21:27',2147520030,0),(2354,24,'2020-02-14 22:29:38',2147520030,0),(2355,80,'2020-02-14 22:31:27',2147520030,0),(2356,24,'2020-02-14 22:33:07',2147520030,0),(2357,40,'2020-02-14 23:03:53',2147520030,0),(2358,43,'2020-02-14 23:37:11',2147520030,0),(2359,21,'2020-02-14 23:38:12',2147520030,0),(2360,79,'2020-02-14 23:42:53',2147520030,0),(2361,72,'2020-02-15 00:47:31',2147520030,0),(2362,19,'2020-02-15 00:48:37',2147520030,0),(2363,93,'2020-02-15 00:49:43',2147520030,0),(2364,9,'2020-02-15 00:50:40',2147520030,0),(2365,61,'2020-02-15 06:49:12',2147520030,0),(2366,54,'2020-02-15 06:50:05',2147520030,0),(2367,60,'2020-02-15 07:34:20',2147520030,0),(2368,21,'2020-02-15 07:38:32',2147520030,0),(2369,40,'2020-02-15 07:39:19',2147520030,0),(2370,13,'2020-02-15 07:49:56',2147520030,0),(2371,46,'2020-02-15 08:14:07',2147520030,0),(2372,40,'2020-02-15 08:15:57',2147520030,0),(2373,99,'2020-02-15 13:06:30',2147520030,0),(2374,87,'2020-02-15 13:21:25',2147520030,0),(2375,6,'2020-02-15 13:22:35',2147520030,0),(2376,63,'2020-02-15 13:44:21',2147520030,0),(2377,12,'2020-02-15 14:24:10',2147520030,0),(2378,46,'2020-02-16 08:56:15',2147520030,0),(2379,51,'2020-02-16 09:05:19',2147520030,0),(2380,12,'2020-02-16 09:32:59',2147520030,0),(2381,52,'2020-02-16 09:35:26',2147520030,0),(2382,5,'2020-02-16 09:36:40',2147520030,0),(2383,78,'2020-02-16 11:05:23',2147520030,0),(2384,6,'2020-02-16 11:08:48',2147520030,0),(2386,88,'2020-02-16 11:09:53',2147520030,0),(2387,82,'2020-02-16 11:09:58',2147520030,0),(2388,51,'2020-02-16 12:14:40',2147520030,0),(2389,89,'2020-02-16 12:15:50',2147520030,0),(2390,82,'2020-02-16 12:48:01',2147520030,0),(2391,89,'2020-02-16 12:52:33',2147520030,0),(2392,40,'2020-02-16 17:52:47',2147520030,0),(2393,51,'2020-02-16 18:20:15',2147520030,0),(2394,7,'2020-02-16 18:23:57',2147520030,0),(2395,45,'2020-02-16 18:27:59',2147520030,0),(2396,66,'2020-02-16 18:47:06',2147520030,0),(2397,33,'2020-02-17 07:16:38',2147520030,0),(2398,6,'2020-02-17 07:17:44',2147520030,0),(2399,54,'2020-02-17 07:52:06',2147520030,0),(2400,40,'2020-02-17 09:40:31',2147520030,0),(2401,80,'2020-02-17 09:42:13',2147520030,0),(2402,24,'2020-02-17 09:43:04',2147520030,0),(2403,12,'2020-02-17 09:47:22',2147520030,0),(2404,19,'2020-02-17 10:10:46',2147520030,0),(2405,63,'2020-02-17 10:45:03',2147520030,0),(2406,94,'2020-02-17 11:10:50',2147520030,0),(2407,51,'2020-02-17 11:12:05',2147520030,0),(2408,6,'2020-02-17 11:13:18',2147520030,0),(2409,71,'2020-02-17 12:29:30',2147520030,0),(2410,71,'2020-02-18 08:27:14',2147520030,0),(2411,6,'2020-02-18 08:27:59',2147520030,0),(2412,12,'2020-02-18 08:28:25',2147520030,0),(2413,95,'2020-02-18 09:59:36',2147520030,0),(2414,94,'2020-02-18 10:00:39',2147520030,0),(2415,94,'2020-02-18 10:05:33',2147520030,0),(2416,89,'2020-02-18 10:44:28',2147520030,0),(2417,74,'2020-02-18 11:20:12',2147520030,0),(2418,6,'2020-02-18 11:20:27',2147520030,0),(2419,88,'2020-02-18 11:52:16',2147520030,0),(2420,92,'2020-02-18 12:00:31',2147520030,0),(2421,83,'2020-02-18 12:00:33',2147520030,0),(2422,94,'2020-02-18 12:00:45',2147520030,0),(2423,89,'2020-02-18 12:04:33',2147520030,0),(2424,83,'2020-02-18 12:11:06',2147520030,0),(2425,89,'2020-02-18 12:11:09',2147520030,0),(2426,41,'2020-02-18 13:02:24',2147520030,0),(2427,12,'2020-02-19 08:46:46',2147520030,0),(2428,45,'2020-02-19 08:48:56',2147520030,0),(2429,71,'2020-02-19 09:40:15',2147520030,0),(2430,6,'2020-02-19 09:40:40',2147520030,0),(2431,11,'2020-02-19 10:40:21',2147520030,0),(2432,94,'2020-02-19 10:41:57',2147520030,0),(2433,71,'2020-02-19 10:54:13',2147520030,0),(2434,74,'2020-02-19 11:00:36',2501682107,0),(2435,50,'2020-02-19 11:02:02',2501682107,0),(2436,6,'2020-02-19 12:36:51',2147520030,0),(2437,71,'2020-02-19 12:45:30',2147520030,0),(2438,71,'2020-02-19 16:29:00',2147520030,0),(2439,71,'2020-02-19 19:07:39',2147520030,0),(2440,65,'2020-02-19 19:07:50',2147520030,0),(2441,41,'2020-02-19 19:18:43',2147520030,0),(2442,65,'2020-02-19 19:27:43',2147520030,0),(2443,71,'2020-02-19 19:37:17',2147520030,0),(2444,92,'2020-02-19 21:17:46',2147520030,0),(2445,83,'2020-02-19 21:17:52',2147520030,0),(2446,88,'2020-02-20 04:10:28',2147520030,0),(2447,89,'2020-02-20 04:10:39',2147520030,0),(2448,6,'2020-02-20 07:26:56',2147520030,0),(2449,71,'2020-02-20 08:12:18',2147520030,0),(2450,54,'2020-02-20 08:24:16',2147520030,0),(2451,6,'2020-02-20 08:41:32',2147520030,0),(2452,6,'2020-02-20 09:29:18',2147520030,0),(2453,6,'2020-02-20 09:57:26',2147520030,0),(2454,6,'2020-02-20 10:11:21',2147520030,0),(2455,74,'2020-02-20 10:13:10',2147520030,0),(2456,74,'2020-02-20 12:32:57',2147520030,0),(2457,87,'2020-02-20 12:33:19',2147520030,0),(2458,14,'2020-02-20 20:29:37',2147520030,0);
/*!40000 ALTER TABLE `link_view` ENABLE KEYS */;
UNLOCK TABLES;

--
-- Table structure for table `migration`
--

DROP TABLE IF EXISTS `migration`;
/*!40101 SET @saved_cs_client     = @@character_set_client */;
/*!40101 SET character_set_client = utf8 */;
CREATE TABLE `migration` (
  `version` varchar(180) NOT NULL,
  `apply_time` int(11) DEFAULT NULL,
  PRIMARY KEY (`version`)
) ENGINE=InnoDB DEFAULT CHARSET=utf8mb4;
/*!40101 SET character_set_client = @saved_cs_client */;

--
-- Dumping data for table `migration`
--

LOCK TABLES `migration` WRITE;
/*!40000 ALTER TABLE `migration` DISABLE KEYS */;
INSERT INTO `migration` VALUES ('m000000_000000_base',1579931254),('m130524_201442_init',1579931257),('m190124_110200_add_verification_token_column_to_user_table',1579931258),('m191116_001856_add_root_to_user_table',1579931260);
/*!40000 ALTER TABLE `migration` ENABLE KEYS */;
UNLOCK TABLES;

--
-- Table structure for table `user`
--

DROP TABLE IF EXISTS `user`;
/*!40101 SET @saved_cs_client     = @@character_set_client */;
/*!40101 SET character_set_client = utf8 */;
CREATE TABLE `user` (
  `id` int(11) NOT NULL AUTO_INCREMENT,
  `username` varchar(255) COLLATE utf8_unicode_ci NOT NULL,
  `auth_key` varchar(32) COLLATE utf8_unicode_ci NOT NULL,
  `password_hash` varchar(255) COLLATE utf8_unicode_ci NOT NULL,
  `password_reset_token` varchar(255) COLLATE utf8_unicode_ci DEFAULT NULL,
  `email` varchar(255) COLLATE utf8_unicode_ci NOT NULL,
  `status` smallint(6) NOT NULL DEFAULT 10,
  `created_at` int(11) NOT NULL,
  `updated_at` int(11) NOT NULL,
  `verification_token` varchar(255) COLLATE utf8_unicode_ci DEFAULT NULL,
  PRIMARY KEY (`id`),
  UNIQUE KEY `email` (`email`),
  UNIQUE KEY `username` (`username`),
  UNIQUE KEY `password_reset_token` (`password_reset_token`)
) ENGINE=InnoDB AUTO_INCREMENT=2 DEFAULT CHARSET=utf8 COLLATE=utf8_unicode_ci;
/*!40101 SET character_set_client = @saved_cs_client */;

--
-- Dumping data for table `user`
--

LOCK TABLES `user` WRITE;
/*!40000 ALTER TABLE `user` DISABLE KEYS */;
INSERT INTO `user` VALUES (1,'root','h-g9esNK6BTcZK0Pe3GWBFUWpyX27YmM','$2y$13$xH5gd/Tc9tq3XlUAcJlv8OaQGai5IcCppMEQHSwdKUaXQ4dlstxZy',NULL,'after@ya.ru',10,1579931260,1579931260,NULL);
/*!40000 ALTER TABLE `user` ENABLE KEYS */;
UNLOCK TABLES;
/*!40103 SET TIME_ZONE=@OLD_TIME_ZONE */;

/*!40101 SET SQL_MODE=@OLD_SQL_MODE */;
/*!40014 SET FOREIGN_KEY_CHECKS=@OLD_FOREIGN_KEY_CHECKS */;
/*!40014 SET UNIQUE_CHECKS=@OLD_UNIQUE_CHECKS */;
/*!40101 SET CHARACTER_SET_CLIENT=@OLD_CHARACTER_SET_CLIENT */;
/*!40101 SET CHARACTER_SET_RESULTS=@OLD_CHARACTER_SET_RESULTS */;
/*!40101 SET COLLATION_CONNECTION=@OLD_COLLATION_CONNECTION */;
/*!40111 SET SQL_NOTES=@OLD_SQL_NOTES */;

-- Dump completed on 2020-02-20 23:34:48
